시간,발전량
2025-01-01 00:00,1.54258133
2025-01-01 01:00,1.16922836
2025-01-01 02:00,2.33668392
2025-01-01 03:00,2.39729215
2025-01-01 04:00,2.73269335
2025-01-01 05:00,4.38465224
2025-01-01 06:00,5.03401621
2025-01-01 07:00,5.53004029
2025-01-01 08:00,7.25681543
2025-01-01 09:00,5.14839366
2025-01-01 10:00,3.02592021
2025-01-01 11:00,3.52153178
2025-01-01 12:00,4.72996415
2025-01-01 13:00,7.00170476
2025-01-01 14:00,7.19868128
2025-01-01 15:00,7.09153079
2025-01-01 16:00,6.81887567
2025-01-01 17:00,4.25472509
2025-01-01 18:00,6.54936863
2025-01-01 19:00,8.99945090
2025-01-01 20:00,10.87617184
2025-01-01 21:00,12.20771035
2025-01-01 22:00,10.84273293
2025-01-01 23:00,8.33239853
2025-01-02 00:00,6.32772967
2025-01-02 01:00,5.76065876
2025-01-02 02:00,6.68187042
2025-01-02 03:00,8.63095375
2025-01-02 04:00,9.16457277
2025-01-02 05:00,10.95818258
2025-01-02 06:00,10.26303627
2025-01-02 07:00,10.14677610
2025-01-02 08:00,7.61058142
2025-01-02 09:00,7.51749481
2025-01-02 10:00,5.95358534
2025-01-02 11:00,4.58572223
2025-01-02 12:00,5.31296140
2025-01-02 13:00,7.51906696
2025-01-02 14:00,9.48606843
2025-01-02 15:00,11.90419854
2025-01-02 16:00,18.31749058
2025-01-02 17:00,21.07623227
2025-01-02 18:00,18.00076094
2025-01-02 19:00,17.91388581
2025-01-02 20:00,17.73030714
2025-01-02 21:00,15.30802420
2025-01-02 22:00,12.91300924
2025-01-02 23:00,12.27153985
2025-01-03 00:00,15.58482779
2025-01-03 01:00,15.76084067
2025-01-03 02:00,22.77464733
2025-01-03 03:00,24.58247071
2025-01-03 04:00,26.74246729
2025-01-03 05:00,28.66038732
2025-01-03 06:00,24.63513145
2025-01-03 07:00,20.86633304
2025-01-03 08:00,17.84706708
2025-01-03 09:00,21.07428622
2025-01-03 10:00,13.54758065
2025-01-03 11:00,8.60290334
2025-01-03 12:00,7.37778610
2025-01-03 13:00,8.69546789
2025-01-03 14:00,4.78174899
2025-01-03 15:00,3.51817910
2025-01-03 16:00,5.37864381
2025-01-03 17:00,10.03390881
2025-01-03 18:00,14.61482789
2025-01-03 19:00,19.05168908
2025-01-03 20:00,28.71073238
2025-01-03 21:00,29.66449206
2025-01-03 22:00,33.11785239
2025-01-03 23:00,28.96442774
2025-01-04 00:00,11.24756947
2025-01-04 01:00,8.49566334
2025-01-04 02:00,8.16553112
2025-01-04 03:00,6.72780126
2025-01-04 04:00,6.42680370
2025-01-04 05:00,3.48931219
2025-01-04 06:00,2.70726596
2025-01-04 07:00,1.50443430
2025-01-04 08:00,1.60874229
2025-01-04 09:00,1.86081758
2025-01-04 10:00,0.84178812
2025-01-04 11:00,0.73972323
2025-01-04 12:00,0.62524911
2025-01-04 13:00,0.54470108
2025-01-04 14:00,0.81577001
2025-01-04 15:00,1.94252523
2025-01-04 16:00,2.27853966
2025-01-04 17:00,1.22402686
2025-01-04 18:00,0.97999451
2025-01-04 19:00,1.79373554
2025-01-04 20:00,4.27218645
2025-01-04 21:00,7.21542320
2025-01-04 22:00,8.29980958
2025-01-04 23:00,8.68167238
2025-01-05 00:00,11.35812922
2025-01-05 01:00,8.90494298
2025-01-05 02:00,14.29349876
2025-01-05 03:00,25.28776229
2025-01-05 04:00,23.84900892
2025-01-05 05:00,29.78589101
2025-01-05 06:00,35.37162613
2025-01-05 07:00,39.10252498
2025-01-05 08:00,36.76435086
2025-01-05 09:00,33.72065445
2025-01-05 10:00,31.62186016
2025-01-05 11:00,38.91996131
2025-01-05 12:00,47.34416834
2025-01-05 13:00,43.48526574
2025-01-05 14:00,45.57978452
2025-01-05 15:00,38.80747127
2025-01-05 16:00,25.99318709
2025-01-05 17:00,24.46371718
2025-01-05 18:00,16.55021517
2025-01-05 19:00,12.35819239
2025-01-05 20:00,12.30444784
2025-01-05 21:00,8.92885925
2025-01-05 22:00,11.32087212
2025-01-05 23:00,12.50448313
2025-01-06 00:00,21.25295035
2025-01-06 01:00,23.18848857
2025-01-06 02:00,26.13952120
2025-01-06 03:00,22.96311396
2025-01-06 04:00,15.08307786
2025-01-06 05:00,18.74820874
2025-01-06 06:00,11.96130915
2025-01-06 07:00,14.07790146
2025-01-06 08:00,14.83995519
2025-01-06 09:00,15.29693097
2025-01-06 10:00,29.24875237
2025-01-06 11:00,47.21160678
2025-01-06 12:00,51.42337212
2025-01-06 13:00,51.42236612
2025-01-06 14:00,52.59911308
2025-01-06 15:00,53.90577870
2025-01-06 16:00,52.00628663
2025-01-06 17:00,52.56926774
2025-01-06 18:00,52.45047094
2025-01-06 19:00,53.38684539
2025-01-06 20:00,53.53318507
2025-01-06 21:00,55.24615785
2025-01-06 22:00,53.23430473
2025-01-06 23:00,55.15168811
2025-01-07 00:00,53.28710668
2025-01-07 01:00,54.17326665
2025-01-07 02:00,53.16607806
2025-01-07 03:00,50.89531630
2025-01-07 04:00,47.34199382
2025-01-07 05:00,32.10861718
2025-01-07 06:00,31.21497280
2025-01-07 07:00,17.66047123
2025-01-07 08:00,21.10028543
2025-01-07 09:00,12.24579841
2025-01-07 10:00,12.97908727
2025-01-07 11:00,30.63269866
2025-01-07 12:00,48.79809873
2025-01-07 13:00,50.17766769
2025-01-07 14:00,52.72738562
2025-01-07 15:00,52.01338890
2025-01-07 16:00,52.62052131
2025-01-07 17:00,45.32097050
2025-01-07 18:00,48.58728133
2025-01-07 19:00,52.21354035
2025-01-07 20:00,46.71155158
2025-01-07 21:00,38.10502946
2025-01-07 22:00,56.87028036
2025-01-07 23:00,52.31961400
2025-01-08 00:00,50.98633942
2025-01-08 01:00,39.40028588
2025-01-08 02:00,42.36122920
2025-01-08 03:00,43.28838098
2025-01-08 04:00,45.32637448
2025-01-08 05:00,40.11418430
2025-01-08 06:00,35.66108632
2025-01-08 07:00,19.00449532
2025-01-08 08:00,33.81440547
2025-01-08 09:00,27.54207738
2025-01-08 10:00,29.22923488
2025-01-08 11:00,31.40701079
2025-01-08 12:00,40.62209478
2025-01-08 13:00,38.19876207
2025-01-08 14:00,44.05030573
2025-01-08 15:00,44.42862148
2025-01-08 16:00,46.41527106
2025-01-08 17:00,52.04566842
2025-01-08 18:00,53.88817733
2025-01-08 19:00,54.51847717
2025-01-08 20:00,55.88156382
2025-01-08 21:00,56.85578306
2025-01-08 22:00,56.86398958
2025-01-08 23:00,57.28170704
2025-01-09 00:00,54.61389066
2025-01-09 01:00,53.94716760
2025-01-09 02:00,56.79231607
2025-01-09 03:00,55.70717727
2025-01-09 04:00,56.23119504
2025-01-09 05:00,55.94314007
2025-01-09 06:00,57.00836833
2025-01-09 07:00,54.50335615
2025-01-09 08:00,54.59908226
2025-01-09 09:00,55.17278098
2025-01-09 10:00,54.89172344
2025-01-09 11:00,55.30892017
2025-01-09 12:00,56.54328862
2025-01-09 13:00,54.22799089
2025-01-09 14:00,53.99846317
2025-01-09 15:00,54.80760615
2025-01-09 16:00,54.88285118
2025-01-09 17:00,54.77038392
2025-01-09 18:00,54.84860549
2025-01-09 19:00,56.24845969
2025-01-09 20:00,56.68633259
2025-01-09 21:00,55.31650519
2025-01-09 22:00,54.10366920
2025-01-09 23:00,45.01216538
2025-01-10 00:00,21.58461130
2025-01-10 01:00,18.81697501
2025-01-10 02:00,16.12825945
2025-01-10 03:00,14.39743104
2025-01-10 04:00,11.08782740
2025-01-10 05:00,10.10282858
2025-01-10 06:00,9.10388274
2025-01-10 07:00,9.18862299
2025-01-10 08:00,9.54606096
2025-01-10 09:00,7.94101410
2025-01-10 10:00,7.10635964
2025-01-10 11:00,6.17846847
2025-01-10 12:00,6.24471569
2025-01-10 13:00,8.37845424
2025-01-10 14:00,7.82097836
2025-01-10 15:00,10.23598330
2025-01-10 16:00,11.50842460
2025-01-10 17:00,10.83013981
2025-01-10 18:00,8.82245381
2025-01-10 19:00,6.96853359
2025-01-10 20:00,6.23179411
2025-01-10 21:00,13.88527978
2025-01-10 22:00,12.23323142
2025-01-10 23:00,19.62859975
2025-01-11 00:00,4.99312455
2025-01-11 01:00,7.77293631
2025-01-11 02:00,7.21092728
2025-01-11 03:00,7.48474791
2025-01-11 04:00,8.04047072
2025-01-11 05:00,7.84625439
2025-01-11 06:00,5.90664404
2025-01-11 07:00,6.78024280
2025-01-11 08:00,6.27130777
2025-01-11 09:00,5.56022023
2025-01-11 10:00,3.06863969
2025-01-11 11:00,2.05523129
2025-01-11 12:00,1.51930089
2025-01-11 13:00,1.05789449
2025-01-11 14:00,1.07389503
2025-01-11 15:00,1.17670884
2025-01-11 16:00,1.37887406
2025-01-11 17:00,0.88429681
2025-01-11 18:00,3.48852911
2025-01-11 19:00,2.70741498
2025-01-11 20:00,3.19373892
2025-01-11 21:00,2.93586302
2025-01-11 22:00,3.63460609
2025-01-11 23:00,4.06998260
2025-01-12 00:00,3.30048073
2025-01-12 01:00,3.45984192
2025-01-12 02:00,3.00481818
2025-01-12 03:00,2.94681033
2025-01-12 04:00,4.88060232
2025-01-12 05:00,5.21227430
2025-01-12 06:00,6.32434565
2025-01-12 07:00,7.18845562
2025-01-12 08:00,5.85321561
2025-01-12 09:00,3.40728666
2025-01-12 10:00,2.43960730
2025-01-12 11:00,0.68765454
2025-01-12 12:00,0.66831875
2025-01-12 13:00,0.84026314
2025-01-12 14:00,2.21151155
2025-01-12 15:00,2.93684084
2025-01-12 16:00,2.36974606
2025-01-12 17:00,1.28720237
2025-01-12 18:00,3.28783159
2025-01-12 19:00,3.20990271
2025-01-12 20:00,3.42860830
2025-01-12 21:00,5.12704064
2025-01-12 22:00,4.94837378
2025-01-12 23:00,5.86245411
2025-01-13 00:00,2.49505685
2025-01-13 01:00,0.77938681
2025-01-13 02:00,1.86982022
2025-01-13 03:00,2.47735462
2025-01-13 04:00,3.49177140
2025-01-13 05:00,4.33733997
2025-01-13 06:00,3.93463620
2025-01-13 07:00,4.19653491
2025-01-13 08:00,4.45559107
2025-01-13 09:00,4.93105413
2025-01-13 10:00,3.97422802
2025-01-13 11:00,4.39540496
2025-01-13 12:00,6.35312575
2025-01-13 13:00,6.65091275
2025-01-13 14:00,6.37981531
2025-01-13 15:00,7.04617771
2025-01-13 16:00,7.55332385
2025-01-13 17:00,9.45771177
2025-01-13 18:00,19.30363224
2025-01-13 19:00,17.38701012
2025-01-13 20:00,19.77641973
2025-01-13 21:00,25.87521223
2025-01-13 22:00,27.37507192
2025-01-13 23:00,29.89909893
2025-01-14 00:00,30.39560787
2025-01-14 01:00,26.82360674
2025-01-14 02:00,31.22795831
2025-01-14 03:00,23.20098496
2025-01-14 04:00,25.07246239
2025-01-14 05:00,24.94122289
2025-01-14 06:00,24.81153589
2025-01-14 07:00,24.25754527
2025-01-14 08:00,21.62696525
2025-01-14 09:00,16.61221755
2025-01-14 10:00,12.46196547
2025-01-14 11:00,16.63118665
2025-01-14 12:00,18.72520582
2025-01-14 13:00,16.20530613
2025-01-14 14:00,20.76242416
2025-01-14 15:00,22.37893429
2025-01-14 16:00,25.78574513
2025-01-14 17:00,27.70395013
2025-01-14 18:00,29.74181432
2025-01-14 19:00,33.24911196
2025-01-14 20:00,38.49114414
2025-01-14 21:00,41.74719693
2025-01-14 22:00,45.39349974
2025-01-14 23:00,43.27156775
2025-01-15 00:00,42.59055837
2025-01-15 01:00,47.74357502
2025-01-15 02:00,45.50485699
2025-01-15 03:00,43.17173077
2025-01-15 04:00,51.18884158
2025-01-15 05:00,52.16157820
2025-01-15 06:00,49.73338934
2025-01-15 07:00,43.11587823
2025-01-15 08:00,41.67229664
2025-01-15 09:00,42.68016612
2025-01-15 10:00,49.36001277
2025-01-15 11:00,52.58871935
2025-01-15 12:00,50.46844497
2025-01-15 13:00,49.17415181
2025-01-15 14:00,47.31019996
2025-01-15 15:00,49.31533381
2025-01-15 16:00,45.72692926
2025-01-15 17:00,47.88900973
2025-01-15 18:00,43.00441542
2025-01-15 19:00,46.96192195
2025-01-15 20:00,44.35464993
2025-01-15 21:00,41.74455291
2025-01-15 22:00,34.05934489
2025-01-15 23:00,24.57977747
2025-01-16 00:00,9.43669514
2025-01-16 01:00,5.62621467
2025-01-16 02:00,2.87953843
2025-01-16 03:00,3.74680840
2025-01-16 04:00,5.01278466
2025-01-16 05:00,8.38611362
2025-01-16 06:00,7.73475615
2025-01-16 07:00,6.52972097
2025-01-16 08:00,10.59710382
2025-01-16 09:00,8.09067970
2025-01-16 10:00,7.97683350
2025-01-16 11:00,15.25614986
2025-01-16 12:00,13.75190939
2025-01-16 13:00,13.13310408
2025-01-16 14:00,14.05549321
2025-01-16 15:00,15.03434218
2025-01-16 16:00,13.77527599
2025-01-16 17:00,11.00568794
2025-01-16 18:00,10.63767731
2025-01-16 19:00,12.31486113
2025-01-16 20:00,13.63153418
2025-01-16 21:00,16.14347227
2025-01-16 22:00,23.00534078
2025-01-16 23:00,20.69074205
2025-01-17 00:00,9.86735413
2025-01-17 01:00,13.55455932
2025-01-17 02:00,17.72230243
2025-01-17 03:00,24.91420476
2025-01-17 04:00,22.06602100
2025-01-17 05:00,13.97116604
2025-01-17 06:00,8.16820254
2025-01-17 07:00,7.29393004
2025-01-17 08:00,5.98866113
2025-01-17 09:00,5.12340816
2025-01-17 10:00,2.68810046
2025-01-17 11:00,3.71767065
2025-01-17 12:00,5.20284592
2025-01-17 13:00,9.49380120
2025-01-17 14:00,10.53439609
2025-01-17 15:00,13.94063407
2025-01-17 16:00,16.78022931
2025-01-17 17:00,16.25135115
2025-01-17 18:00,14.95799942
2025-01-17 19:00,13.99101198
2025-01-17 20:00,12.02747275
2025-01-17 21:00,12.07582350
2025-01-17 22:00,12.70604231
2025-01-17 23:00,11.33250886
2025-01-18 00:00,6.05314317
2025-01-18 01:00,5.18838457
2025-01-18 02:00,5.80843334
2025-01-18 03:00,6.98695852
2025-01-18 04:00,7.18291652
2025-01-18 05:00,6.15756375
2025-01-18 06:00,5.85634102
2025-01-18 07:00,5.66236374
2025-01-18 08:00,3.88334556
2025-01-18 09:00,2.33874647
2025-01-18 10:00,1.59654872
2025-01-18 11:00,1.19909251
2025-01-18 12:00,0.82108417
2025-01-18 13:00,0.90604730
2025-01-18 14:00,1.39398592
2025-01-18 15:00,1.93376637
2025-01-18 16:00,2.34326711
2025-01-18 17:00,6.56444736
2025-01-18 18:00,6.54086443
2025-01-18 19:00,4.74770077
2025-01-18 20:00,4.45090738
2025-01-18 21:00,4.71959603
2025-01-18 22:00,3.38312787
2025-01-18 23:00,1.83004300
2025-01-19 00:00,2.19225738
2025-01-19 01:00,3.05087229
2025-01-19 02:00,3.06266069
2025-01-19 03:00,1.09776033
2025-01-19 04:00,2.01698860
2025-01-19 05:00,2.58552273
2025-01-19 06:00,1.59890384
2025-01-19 07:00,3.04515961
2025-01-19 08:00,2.36565201
2025-01-19 09:00,2.21091521
2025-01-19 10:00,1.36678983
2025-01-19 11:00,2.45241595
2025-01-19 12:00,0.90268550
2025-01-19 13:00,0.98417713
2025-01-19 14:00,1.10471195
2025-01-19 15:00,0.96668510
2025-01-19 16:00,1.55055763
2025-01-19 17:00,1.62296977
2025-01-19 18:00,2.59938180
2025-01-19 19:00,4.22758412
2025-01-19 20:00,7.53383278
2025-01-19 21:00,8.83171749
2025-01-19 22:00,8.78575801
2025-01-19 23:00,8.70789035
2025-01-20 00:00,2.67260474
2025-01-20 01:00,3.22458904
2025-01-20 02:00,4.90631239
2025-01-20 03:00,4.60229427
2025-01-20 04:00,2.51552014
2025-01-20 05:00,3.17054162
2025-01-20 06:00,2.39248387
2025-01-20 07:00,2.68462675
2025-01-20 08:00,1.99293165
2025-01-20 09:00,2.39217277
2025-01-20 10:00,1.56547508
2025-01-20 11:00,4.13747407
2025-01-20 12:00,7.29389061
2025-01-20 13:00,5.78001686
2025-01-20 14:00,5.92846247
2025-01-20 15:00,5.03886256
2025-01-20 16:00,4.97288009
2025-01-20 17:00,2.34730044
2025-01-20 18:00,2.40500775
2025-01-20 19:00,4.27286007
2025-01-20 20:00,8.04855319
2025-01-20 21:00,8.38818466
2025-01-20 22:00,7.01399354
2025-01-20 23:00,5.15312545
2025-01-21 00:00,3.08547792
2025-01-21 01:00,3.42536081
2025-01-21 02:00,4.63580198
2025-01-21 03:00,4.63439120
2025-01-21 04:00,4.09075837
2025-01-21 05:00,3.55322111
2025-01-21 06:00,2.98622823
2025-01-21 07:00,3.42778390
2025-01-21 08:00,1.52347136
2025-01-21 09:00,1.21020104
2025-01-21 10:00,1.64192795
2025-01-21 11:00,0.83889073
2025-01-21 12:00,0.69414783
2025-01-21 13:00,1.70618302
2025-01-21 14:00,3.86306080
2025-01-21 15:00,4.13345515
2025-01-21 16:00,3.47924477
2025-01-21 17:00,2.15598386
2025-01-21 18:00,1.17130343
2025-01-21 19:00,0.96409395
2025-01-21 20:00,2.55041329
2025-01-21 21:00,4.52462130
2025-01-21 22:00,6.83357951
2025-01-21 23:00,7.55872487
2025-01-22 00:00,0.77802763
2025-01-22 01:00,0.99627558
2025-01-22 02:00,2.45866418
2025-01-22 03:00,5.05917045
2025-01-22 04:00,7.83575963
2025-01-22 05:00,5.83144736
2025-01-22 06:00,6.85090106
2025-01-22 07:00,5.27129492
2025-01-22 08:00,3.83067650
2025-01-22 09:00,5.35125762
2025-01-22 10:00,1.95964165
2025-01-22 11:00,4.36784675
2025-01-22 12:00,3.62568087
2025-01-22 13:00,3.70385972
2025-01-22 14:00,3.70292626
2025-01-22 15:00,4.48698513
2025-01-22 16:00,5.73700239
2025-01-22 17:00,5.72575071
2025-01-22 18:00,5.35693786
2025-01-22 19:00,4.59837444
2025-01-22 20:00,4.01369420
2025-01-22 21:00,3.66648113
2025-01-22 22:00,2.24853172
2025-01-22 23:00,3.51338898
2025-01-23 00:00,2.87548828
2025-01-23 01:00,5.86202073
2025-01-23 02:00,5.88003297
2025-01-23 03:00,6.31395307
2025-01-23 04:00,7.64587608
2025-01-23 05:00,7.75887438
2025-01-23 06:00,6.53415047
2025-01-23 07:00,5.06654126
2025-01-23 08:00,4.15376112
2025-01-23 09:00,3.60713803
2025-01-23 10:00,3.43507799
2025-01-23 11:00,2.45528966
2025-01-23 12:00,2.26297261
2025-01-23 13:00,3.14966762
2025-01-23 14:00,4.08884831
2025-01-23 15:00,8.15142736
2025-01-23 16:00,12.18932870
2025-01-23 17:00,14.58205717
2025-01-23 18:00,13.18470137
2025-01-23 19:00,14.34850929
2025-01-23 20:00,11.37791069
2025-01-23 21:00,10.86402619
2025-01-23 22:00,10.78081497
2025-01-23 23:00,10.36335024
2025-01-24 00:00,11.49650999
2025-01-24 01:00,10.12124069
2025-01-24 02:00,8.76256061
2025-01-24 03:00,11.94186878
2025-01-24 04:00,12.97175924
2025-01-24 05:00,13.51812647
2025-01-24 06:00,12.18275592
2025-01-24 07:00,12.29555403
2025-01-24 08:00,13.12481575
2025-01-24 09:00,11.18255233
2025-01-24 10:00,10.36949252
2025-01-24 11:00,8.68487094
2025-01-24 12:00,10.50286900
2025-01-24 13:00,13.92533198
2025-01-24 14:00,13.63536891
2025-01-24 15:00,13.60954989
2025-01-24 16:00,18.72861332
2025-01-24 17:00,19.93436316
2025-01-24 18:00,21.00740035
2025-01-24 19:00,18.05351130
2025-01-24 20:00,15.74399451
2025-01-24 21:00,14.71519770
2025-01-24 22:00,18.62430866
2025-01-24 23:00,16.49605755
2025-01-25 00:00,15.16934234
2025-01-25 01:00,15.47064076
2025-01-25 02:00,15.44008899
2025-01-25 03:00,14.94713929
2025-01-25 04:00,13.53275071
2025-01-25 05:00,15.36742791
2025-01-25 06:00,19.18702002
2025-01-25 07:00,18.25097806
2025-01-25 08:00,20.35284560
2025-01-25 09:00,17.53698099
2025-01-25 10:00,10.30158221
2025-01-25 11:00,9.46952451
2025-01-25 12:00,9.85525575
2025-01-25 13:00,8.69604642
2025-01-25 14:00,9.67986156
2025-01-25 15:00,15.45425898
2025-01-25 16:00,15.87459385
2025-01-25 17:00,15.29378056
2025-01-25 18:00,13.05687861
2025-01-25 19:00,16.17231564
2025-01-25 20:00,17.83763277
2025-01-25 21:00,18.52889569
2025-01-25 22:00,19.96079748
2025-01-25 23:00,19.78313659
2025-01-26 00:00,6.45239133
2025-01-26 01:00,7.88866281
2025-01-26 02:00,9.38592473
2025-01-26 03:00,12.75683861
2025-01-26 04:00,11.16163314
2025-01-26 05:00,14.58039114
2025-01-26 06:00,14.52339006
2025-01-26 07:00,11.46825332
2025-01-26 08:00,5.65515859
2025-01-26 09:00,4.13334068
2025-01-26 10:00,1.74428561
2025-01-26 11:00,1.83343204
2025-01-26 12:00,0.56822504
2025-01-26 13:00,0.73371495
2025-01-26 14:00,0.84384762
2025-01-26 15:00,0.70954525
2025-01-26 16:00,0.76645772
2025-01-26 17:00,0.59583747
2025-01-26 18:00,0.97852661
2025-01-26 19:00,1.23024774
2025-01-26 20:00,1.87403682
2025-01-26 21:00,0.40150231
2025-01-26 22:00,1.22868853
2025-01-26 23:00,2.17914493
2025-01-27 00:00,9.11713573
2025-01-27 01:00,11.58451615
2025-01-27 02:00,10.27312590
2025-01-27 03:00,9.49188839
2025-01-27 04:00,20.59401391
2025-01-27 05:00,36.37536781
2025-01-27 06:00,41.09434632
2025-01-27 07:00,47.23813243
2025-01-27 08:00,48.24890559
2025-01-27 09:00,49.80588352
2025-01-27 10:00,52.42175666
2025-01-27 11:00,48.46023474
2025-01-27 12:00,48.27627780
2025-01-27 13:00,45.34471497
2025-01-27 14:00,57.38766415
2025-01-27 15:00,55.82121852
2025-01-27 16:00,47.19058678
2025-01-27 17:00,53.30075558
2025-01-27 18:00,52.84392934
2025-01-27 19:00,56.50368565
2025-01-27 20:00,57.64835592
2025-01-27 21:00,57.13115660
2025-01-27 22:00,57.28946490
2025-01-27 23:00,58.11918442
2025-01-28 00:00,53.41879244
2025-01-28 01:00,55.84094465
2025-01-28 02:00,54.50315917
2025-01-28 03:00,56.44110671
2025-01-28 04:00,55.77461428
2025-01-28 05:00,56.66460187
2025-01-28 06:00,56.81927511
2025-01-28 07:00,53.42640723
2025-01-28 08:00,55.97066999
2025-01-28 09:00,56.69678025
2025-01-28 10:00,55.18034475
2025-01-28 11:00,53.02561278
2025-01-28 12:00,54.48688339
2025-01-28 13:00,55.80000767
2025-01-28 14:00,55.86833078
2025-01-28 15:00,51.35637054
2025-01-28 16:00,53.21017458
2025-01-28 17:00,55.56086941
2025-01-28 18:00,55.98338552
2025-01-28 19:00,56.61452320
2025-01-28 20:00,56.72207815
2025-01-28 21:00,57.26967429
2025-01-28 22:00,55.98453525
2025-01-28 23:00,56.42281262
2025-01-29 00:00,56.78866821
2025-01-29 01:00,56.90323244
2025-01-29 02:00,56.79203511
2025-01-29 03:00,56.68842409
2025-01-29 04:00,56.72920136
2025-01-29 05:00,56.25376920
2025-01-29 06:00,53.42102042
2025-01-29 07:00,53.58174145
2025-01-29 08:00,55.19540123
2025-01-29 09:00,54.19464022
2025-01-29 10:00,52.10613172
2025-01-29 11:00,51.55789246
2025-01-29 12:00,53.73606307
2025-01-29 13:00,52.48350947
2025-01-29 14:00,54.07496524
2025-01-29 15:00,52.08133242
2025-01-29 16:00,52.13745976
2025-01-29 17:00,54.67569095
2025-01-29 18:00,50.02986047
2025-01-29 19:00,52.00212238
2025-01-29 20:00,53.47221098
2025-01-29 21:00,44.37873062
2025-01-29 22:00,37.16225746
2025-01-29 23:00,53.19564188
2025-01-30 00:00,23.72817891
2025-01-30 01:00,16.33810245
2025-01-30 02:00,12.26143900
2025-01-30 03:00,7.73192370
2025-01-30 04:00,7.95949655
2025-01-30 05:00,7.23898805
2025-01-30 06:00,7.02024691
2025-01-30 07:00,9.36585229
2025-01-30 08:00,7.21602809
2025-01-30 09:00,9.03909317
2025-01-30 10:00,6.43796458
2025-01-30 11:00,4.52402759
2025-01-30 12:00,3.94084285
2025-01-30 13:00,3.13225406
2025-01-30 14:00,3.66914316
2025-01-30 15:00,4.34017346
2025-01-30 16:00,5.96850517
2025-01-30 17:00,7.23654327
2025-01-30 18:00,6.61664207
2025-01-30 19:00,7.92023748
2025-01-30 20:00,7.78457009
2025-01-30 21:00,6.28668079
2025-01-30 22:00,8.81931867
2025-01-30 23:00,9.54603710
2025-01-31 00:00,2.80947151
2025-01-31 01:00,4.93498601
2025-01-31 02:00,4.31175390
2025-01-31 03:00,5.32483381
2025-01-31 04:00,3.55401828
2025-01-31 05:00,3.70619810
2025-01-31 06:00,3.53208441
2025-01-31 07:00,3.44687248
2025-01-31 08:00,3.07417194
2025-01-31 09:00,4.16464414
2025-01-31 10:00,3.85339641
2025-01-31 11:00,4.64513148
2025-01-31 12:00,6.75392797
2025-01-31 13:00,5.15670725
2025-01-31 14:00,2.77211955
2025-01-31 15:00,2.18401122
2025-01-31 16:00,1.99257683
2025-01-31 17:00,2.22704220
2025-01-31 18:00,2.80583296
2025-01-31 19:00,3.32289209
2025-01-31 20:00,3.04059054
2025-01-31 21:00,2.17898454
2025-01-31 22:00,2.45330306
2025-01-31 23:00,3.05265579
2025-02-01 00:00,3.32447803
2025-02-01 01:00,2.72347969
2025-02-01 02:00,3.47628369
2025-02-01 03:00,3.79750140
2025-02-01 04:00,2.12465445
2025-02-01 05:00,5.29083741
2025-02-01 06:00,5.62256656
2025-02-01 07:00,5.89523402
2025-02-01 08:00,3.69359603
2025-02-01 09:00,3.93031171
2025-02-01 10:00,2.68525198
2025-02-01 11:00,2.83964975
2025-02-01 12:00,4.07983035
2025-02-01 13:00,4.72438454
2025-02-01 14:00,5.77136129
2025-02-01 15:00,6.73825007
2025-02-01 16:00,11.00181937
2025-02-01 17:00,9.77324964
2025-02-01 18:00,5.99421551
2025-02-01 19:00,10.24457499
2025-02-01 20:00,9.86305032
2025-02-01 21:00,9.69634724
2025-02-01 22:00,11.20294897
2025-02-01 23:00,10.28460030
2025-02-02 00:00,11.23082633
2025-02-02 01:00,8.52598974
2025-02-02 02:00,9.15792760
2025-02-02 03:00,8.41143214
2025-02-02 04:00,5.79010971
2025-02-02 05:00,6.15665569
2025-02-02 06:00,6.48429132
2025-02-02 07:00,7.40527841
2025-02-02 08:00,5.53192386
2025-02-02 09:00,5.84909793
2025-02-02 10:00,5.76312320
2025-02-02 11:00,6.20503183
2025-02-02 12:00,5.64857167
2025-02-02 13:00,6.13190107
2025-02-02 14:00,7.81318711
2025-02-02 15:00,10.92277417
2025-02-02 16:00,13.09718642
2025-02-02 17:00,17.17134349
2025-02-02 18:00,23.88518036
2025-02-02 19:00,27.19038880
2025-02-02 20:00,22.26578190
2025-02-02 21:00,22.56174555
2025-02-02 22:00,20.44104139
2025-02-02 23:00,25.09164985
2025-02-03 00:00,34.83012841
2025-02-03 01:00,48.05438338
2025-02-03 02:00,48.03377844
2025-02-03 03:00,52.27477478
2025-02-03 04:00,54.16546206
2025-02-03 05:00,55.04468611
2025-02-03 06:00,57.20107849
2025-02-03 07:00,54.73915859
2025-02-03 08:00,55.67550283
2025-02-03 09:00,54.47507699
2025-02-03 10:00,52.90302559
2025-02-03 11:00,53.53515525
2025-02-03 12:00,53.24792297
2025-02-03 13:00,54.31271932
2025-02-03 14:00,54.22395319
2025-02-03 15:00,54.50064868
2025-02-03 16:00,55.24622463
2025-02-03 17:00,55.57240011
2025-02-03 18:00,56.44815832
2025-02-03 19:00,59.12963903
2025-02-03 20:00,58.29344161
2025-02-03 21:00,56.52386460
2025-02-03 22:00,56.20760733
2025-02-03 23:00,57.61704178
2025-02-04 00:00,55.04592207
2025-02-04 01:00,57.51807862
2025-02-04 02:00,56.41396837
2025-02-04 03:00,57.24115909
2025-02-04 04:00,56.21632086
2025-02-04 05:00,55.20282280
2025-02-04 06:00,55.45802618
2025-02-04 07:00,54.98171954
2025-02-04 08:00,55.05685066
2025-02-04 09:00,55.15495180
2025-02-04 10:00,55.92647051
2025-02-04 11:00,56.90183297
2025-02-04 12:00,55.61455075
2025-02-04 13:00,54.44751553
2025-02-04 14:00,57.46274982
2025-02-04 15:00,55.52570413
2025-02-04 16:00,56.67080248
2025-02-04 17:00,55.82933871
2025-02-04 18:00,56.15906795
2025-02-04 19:00,54.72823642
2025-02-04 20:00,54.52990794
2025-02-04 21:00,56.09178447
2025-02-04 22:00,53.11975096
2025-02-04 23:00,52.98761361
2025-02-05 00:00,50.43619057
2025-02-05 01:00,50.47360723
2025-02-05 02:00,53.02647768
2025-02-05 03:00,51.65705649
2025-02-05 04:00,49.40020380
2025-02-05 05:00,48.65040578
2025-02-05 06:00,41.83209569
2025-02-05 07:00,37.53954558
2025-02-05 08:00,29.22352489
2025-02-05 09:00,28.97997320
2025-02-05 10:00,33.07348440
2025-02-05 11:00,37.55217885
2025-02-05 12:00,19.50615990
2025-02-05 13:00,25.07868926
2025-02-05 14:00,33.97670016
2025-02-05 15:00,40.46107779
2025-02-05 16:00,39.67679272
2025-02-05 17:00,45.58884781
2025-02-05 18:00,54.21138342
2025-02-05 19:00,54.57883405
2025-02-05 20:00,54.48533347
2025-02-05 21:00,54.78504181
2025-02-05 22:00,54.50439784
2025-02-05 23:00,53.18085314
2025-02-06 00:00,47.45944688
2025-02-06 01:00,40.89770578
2025-02-06 02:00,32.63801856
2025-02-06 03:00,22.14508131
2025-02-06 04:00,21.52481191
2025-02-06 05:00,16.45531786
2025-02-06 06:00,11.98687737
2025-02-06 07:00,8.03636690
2025-02-06 08:00,5.27466550
2025-02-06 09:00,7.58846900
2025-02-06 10:00,9.94121440
2025-02-06 11:00,17.45061747
2025-02-06 12:00,26.55005648
2025-02-06 13:00,32.33568619
2025-02-06 14:00,30.60034725
2025-02-06 15:00,30.04868135
2025-02-06 16:00,25.19744596
2025-02-06 17:00,26.24861065
2025-02-06 18:00,35.44524314
2025-02-06 19:00,46.88766887
2025-02-06 20:00,46.63830188
2025-02-06 21:00,50.56528568
2025-02-06 22:00,51.85509593
2025-02-06 23:00,50.17619480
2025-02-07 00:00,16.65636846
2025-02-07 01:00,9.36548614
2025-02-07 02:00,10.37544284
2025-02-07 03:00,8.45269709
2025-02-07 04:00,12.01474155
2025-02-07 05:00,28.95153090
2025-02-07 06:00,41.70901066
2025-02-07 07:00,38.29276520
2025-02-07 08:00,44.72139435
2025-02-07 09:00,53.96523189
2025-02-07 10:00,51.79291782
2025-02-07 11:00,53.87831655
2025-02-07 12:00,53.29389957
2025-02-07 13:00,54.36590925
2025-02-07 14:00,53.98120539
2025-02-07 15:00,54.30251777
2025-02-07 16:00,55.12540417
2025-02-07 17:00,54.98438684
2025-02-07 18:00,56.82512554
2025-02-07 19:00,56.67186473
2025-02-07 20:00,56.89966802
2025-02-07 21:00,57.11483174
2025-02-07 22:00,53.36953117
2025-02-07 23:00,55.86350526
2025-02-08 00:00,53.62220885
2025-02-08 01:00,54.54050996
2025-02-08 02:00,52.35949695
2025-02-08 03:00,48.28889899
2025-02-08 04:00,47.44539718
2025-02-08 05:00,45.85304149
2025-02-08 06:00,42.51212769
2025-02-08 07:00,42.76411090
2025-02-08 08:00,38.40614305
2025-02-08 09:00,34.68587781
2025-02-08 10:00,42.79176997
2025-02-08 11:00,48.11142428
2025-02-08 12:00,50.87526156
2025-02-08 13:00,48.58440694
2025-02-08 14:00,48.29661411
2025-02-08 15:00,48.46595160
2025-02-08 16:00,46.80211351
2025-02-08 17:00,42.72373190
2025-02-08 18:00,37.23281146
2025-02-08 19:00,26.76374035
2025-02-08 20:00,15.75162317
2025-02-08 21:00,14.11245160
2025-02-08 22:00,7.91067760
2025-02-08 23:00,9.82913437
2025-02-09 00:00,4.71846780
2025-02-09 01:00,2.88925906
2025-02-09 02:00,3.19637384
2025-02-09 03:00,3.76470001
2025-02-09 04:00,2.63071058
2025-02-09 05:00,3.74733882
2025-02-09 06:00,4.71919399
2025-02-09 07:00,5.00909973
2025-02-09 08:00,5.12512957
2025-02-09 09:00,3.40058685
2025-02-09 10:00,2.39684686
2025-02-09 11:00,2.14887075
2025-02-09 12:00,5.53350217
2025-02-09 13:00,6.03370708
2025-02-09 14:00,6.12166554
2025-02-09 15:00,8.85034752
2025-02-09 16:00,15.61967873
2025-02-09 17:00,15.87140846
2025-02-09 18:00,13.19355930
2025-02-09 19:00,15.76912755
2025-02-09 20:00,19.67887909
2025-02-09 21:00,18.96230349
2025-02-09 22:00,16.54506751
2025-02-09 23:00,11.60015078
2025-02-10 00:00,11.33223557
2025-02-10 01:00,8.35736417
2025-02-10 02:00,7.92517723
2025-02-10 03:00,8.98976982
2025-02-10 04:00,5.86406073
2025-02-10 05:00,3.07058806
2025-02-10 06:00,2.02998938
2025-02-10 07:00,3.13637091
2025-02-10 08:00,3.18189971
2025-02-10 09:00,2.73896643
2025-02-10 10:00,2.95911313
2025-02-10 11:00,6.82841397
2025-02-10 12:00,5.32015999
2025-02-10 13:00,8.06024117
2025-02-10 14:00,12.07260102
2025-02-10 15:00,14.33717416
2025-02-10 16:00,16.62697328
2025-02-10 17:00,12.18191930
2025-02-10 18:00,13.04158654
2025-02-10 19:00,10.26921340
2025-02-10 20:00,2.56145232
2025-02-10 21:00,1.72526430
2025-02-10 22:00,1.53204577
2025-02-10 23:00,2.42048583
2025-02-11 00:00,2.02365575
2025-02-11 01:00,3.74790017
2025-02-11 02:00,4.08374112
2025-02-11 03:00,5.46131510
2025-02-11 04:00,5.52394430
2025-02-11 05:00,4.40172679
2025-02-11 06:00,3.12037559
2025-02-11 07:00,5.89766588
2025-02-11 08:00,4.76477546
2025-02-11 09:00,2.39048431
2025-02-11 10:00,3.62388186
2025-02-11 11:00,1.82805915
2025-02-11 12:00,1.12612192
2025-02-11 13:00,0.50603907
2025-02-11 14:00,0.59384659
2025-02-11 15:00,0.69000502
2025-02-11 16:00,1.16291152
2025-02-11 17:00,0.95369864
2025-02-11 18:00,3.76385289
2025-02-11 19:00,6.84541066
2025-02-11 20:00,5.84579653
2025-02-11 21:00,10.56909327
2025-02-11 22:00,11.82903793
2025-02-11 23:00,4.58411445
2025-02-12 00:00,3.72698756
2025-02-12 01:00,3.30303285
2025-02-12 02:00,6.51501127
2025-02-12 03:00,6.86273573
2025-02-12 04:00,10.06130806
2025-02-12 05:00,11.89986921
2025-02-12 06:00,8.30955141
2025-02-12 07:00,10.79006349
2025-02-12 08:00,14.66442731
2025-02-12 09:00,18.39272527
2025-02-12 10:00,19.57745999
2025-02-12 11:00,14.52706214
2025-02-12 12:00,12.55122849
2025-02-12 13:00,23.55070349
2025-02-12 14:00,46.66239181
2025-02-12 15:00,44.68513907
2025-02-12 16:00,50.81002305
2025-02-12 17:00,53.18117362
2025-02-12 18:00,53.69224199
2025-02-12 19:00,56.99352017
2025-02-12 20:00,56.06929970
2025-02-12 21:00,58.03470589
2025-02-12 22:00,58.33924711
2025-02-12 23:00,59.69240730
2025-02-13 00:00,53.62510219
2025-02-13 01:00,50.91058755
2025-02-13 02:00,48.44128874
2025-02-13 03:00,42.85612524
2025-02-13 04:00,24.18981741
2025-02-13 05:00,14.56845890
2025-02-13 06:00,7.69852481
2025-02-13 07:00,3.43353229
2025-02-13 08:00,2.68193239
2025-02-13 09:00,1.77355748
2025-02-13 10:00,3.34768554
2025-02-13 11:00,5.78989070
2025-02-13 12:00,9.09416376
2025-02-13 13:00,11.00826235
2025-02-13 14:00,11.57400306
2025-02-13 15:00,15.44211799
2025-02-13 16:00,16.03556165
2025-02-13 17:00,17.42313416
2025-02-13 18:00,17.40394019
2025-02-13 19:00,11.66627995
2025-02-13 20:00,10.71570236
2025-02-13 21:00,8.65636948
2025-02-13 22:00,10.47867672
2025-02-13 23:00,9.21934968
2025-02-14 00:00,7.89313111
2025-02-14 01:00,9.22034260
2025-02-14 02:00,9.21743396
2025-02-14 03:00,9.45222705
2025-02-14 04:00,9.07305003
2025-02-14 05:00,7.96186225
2025-02-14 06:00,5.86829771
2025-02-14 07:00,5.81415158
2025-02-14 08:00,5.05367299
2025-02-14 09:00,3.17302874
2025-02-14 10:00,2.92687944
2025-02-14 11:00,2.82894650
2025-02-14 12:00,1.54990722
2025-02-14 13:00,2.46372838
2025-02-14 14:00,2.35030423
2025-02-14 15:00,2.42072235
2025-02-14 16:00,2.22877743
2025-02-14 17:00,1.50849055
2025-02-14 18:00,1.00386412
2025-02-14 19:00,2.46371173
2025-02-14 20:00,3.57646746
2025-02-14 21:00,5.24062246
2025-02-14 22:00,5.42548164
2025-02-14 23:00,7.36979641
2025-02-15 00:00,6.10601521
2025-02-15 01:00,7.72197584
2025-02-15 02:00,6.98208218
2025-02-15 03:00,4.54454948
2025-02-15 04:00,3.16540054
2025-02-15 05:00,3.59288747
2025-02-15 06:00,4.12401539
2025-02-15 07:00,4.47441796
2025-02-15 08:00,3.01104206
2025-02-15 09:00,2.21800069
2025-02-15 10:00,2.68035598
2025-02-15 11:00,2.06930074
2025-02-15 12:00,2.39402873
2025-02-15 13:00,2.05850674
2025-02-15 14:00,3.43667105
2025-02-15 15:00,4.04995406
2025-02-15 16:00,3.25276069
2025-02-15 17:00,3.50866542
2025-02-15 18:00,3.88222117
2025-02-15 19:00,3.69222640
2025-02-15 20:00,4.54099351
2025-02-15 21:00,2.64760564
2025-02-15 22:00,3.47146745
2025-02-15 23:00,3.52089280
2025-02-16 00:00,3.02702973
2025-02-16 01:00,2.98836625
2025-02-16 02:00,1.98891037
2025-02-16 03:00,2.11037345
2025-02-16 04:00,1.89177908
2025-02-16 05:00,2.06938092
2025-02-16 06:00,2.85862201
2025-02-16 07:00,4.95057126
2025-02-16 08:00,4.84160302
2025-02-16 09:00,2.59584779
2025-02-16 10:00,4.62780505
2025-02-16 11:00,6.06658536
2025-02-16 12:00,6.89376722
2025-02-16 13:00,10.01806534
2025-02-16 14:00,12.78468231
2025-02-16 15:00,17.55415685
2025-02-16 16:00,19.40611653
2025-02-16 17:00,19.23266816
2025-02-16 18:00,17.87492044
2025-02-16 19:00,25.74080148
2025-02-16 20:00,40.01146145
2025-02-16 21:00,40.26618500
2025-02-16 22:00,42.85622077
2025-02-16 23:00,44.60822610
2025-02-17 00:00,55.56403620
2025-02-17 01:00,55.88178132
2025-02-17 02:00,53.77615195
2025-02-17 03:00,52.73355416
2025-02-17 04:00,51.84102130
2025-02-17 05:00,53.73269872
2025-02-17 06:00,54.29655935
2025-02-17 07:00,44.13874617
2025-02-17 08:00,47.22024244
2025-02-17 09:00,50.99299407
2025-02-17 10:00,51.89001482
2025-02-17 11:00,52.82621904
2025-02-17 12:00,52.03228769
2025-02-17 13:00,51.88294323
2025-02-17 14:00,51.82561588
2025-02-17 15:00,51.42003963
2025-02-17 16:00,50.90286095
2025-02-17 17:00,51.83438953
2025-02-17 18:00,50.97055465
2025-02-17 19:00,50.49267448
2025-02-17 20:00,49.99115689
2025-02-17 21:00,49.62333563
2025-02-17 22:00,48.56974396
2025-02-17 23:00,49.81402693
2025-02-18 00:00,48.02595246
2025-02-18 01:00,43.70898785
2025-02-18 02:00,45.99812056
2025-02-18 03:00,45.99815323
2025-02-18 04:00,47.39757340
2025-02-18 05:00,48.64177561
2025-02-18 06:00,46.33983884
2025-02-18 07:00,41.57135014
2025-02-18 08:00,40.83516001
2025-02-18 09:00,47.68319806
2025-02-18 10:00,49.31883887
2025-02-18 11:00,48.93160213
2025-02-18 12:00,48.99693677
2025-02-18 13:00,48.02018621
2025-02-18 14:00,48.59756550
2025-02-18 15:00,49.71855115
2025-02-18 16:00,49.66834484
2025-02-18 17:00,50.64437643
2025-02-18 18:00,50.28182886
2025-02-18 19:00,52.04422204
2025-02-18 20:00,50.22026153
2025-02-18 21:00,52.39351415
2025-02-18 22:00,52.25339384
2025-02-18 23:00,50.37762469
2025-02-19 00:00,46.10051201
2025-02-19 01:00,45.94407818
2025-02-19 02:00,40.92053384
2025-02-19 03:00,38.02492951
2025-02-19 04:00,38.41894088
2025-02-19 05:00,44.95190128
2025-02-19 06:00,49.14752773
2025-02-19 07:00,43.56096422
2025-02-19 08:00,44.08158276
2025-02-19 09:00,50.24639279
2025-02-19 10:00,49.36745507
2025-02-19 11:00,48.66043193
2025-02-19 12:00,48.78461401
2025-02-19 13:00,49.08276960
2025-02-19 14:00,49.92380104
2025-02-19 15:00,48.53778805
2025-02-19 16:00,49.51482845
2025-02-19 17:00,49.94741979
2025-02-19 18:00,48.17080483
2025-02-19 19:00,45.85734815
2025-02-19 20:00,44.51135974
2025-02-19 21:00,41.00114718
2025-02-19 22:00,42.47663807
2025-02-19 23:00,40.65551987
2025-02-20 00:00,21.19440508
2025-02-20 01:00,22.99253123
2025-02-20 02:00,20.98073950
2025-02-20 03:00,18.37717916
2025-02-20 04:00,17.27613836
2025-02-20 05:00,16.40252931
2025-02-20 06:00,15.95235168
2025-02-20 07:00,12.77296322
2025-02-20 08:00,9.78768077
2025-02-20 09:00,11.52926981
2025-02-20 10:00,26.57589910
2025-02-20 11:00,33.89136173
2025-02-20 12:00,38.03448321
2025-02-20 13:00,41.26051704
2025-02-20 14:00,44.13588431
2025-02-20 15:00,45.27561648
2025-02-20 16:00,45.94574439
2025-02-20 17:00,46.02457108
2025-02-20 18:00,43.65785233
2025-02-20 19:00,49.70193569
2025-02-20 20:00,48.80012578
2025-02-20 21:00,48.56072927
2025-02-20 22:00,51.48736798
2025-02-20 23:00,51.09458240
2025-02-21 00:00,46.14731219
2025-02-21 01:00,39.73367942
2025-02-21 02:00,32.72044566
2025-02-21 03:00,27.75270447
2025-02-21 04:00,31.31763244
2025-02-21 05:00,20.46072029
2025-02-21 06:00,23.26323851
2025-02-21 07:00,17.12069854
2025-02-21 08:00,13.50150391
2025-02-21 09:00,19.22426254
2025-02-21 10:00,18.90542007
2025-02-21 11:00,21.72797097
2025-02-21 12:00,30.82205135
2025-02-21 13:00,34.04806153
2025-02-21 14:00,37.94936751
2025-02-21 15:00,41.10118557
2025-02-21 16:00,42.57035048
2025-02-21 17:00,42.64471174
2025-02-21 18:00,43.86039599
2025-02-21 19:00,40.57237187
2025-02-21 20:00,38.92924586
2025-02-21 21:00,36.75112358
2025-02-21 22:00,32.98854118
2025-02-21 23:00,34.37756440
2025-02-22 00:00,34.27078881
2025-02-22 01:00,26.32092014
2025-02-22 02:00,38.25883549
2025-02-22 03:00,49.40350495
2025-02-22 04:00,50.38922986
2025-02-22 05:00,49.71209156
2025-02-22 06:00,48.71233149
2025-02-22 07:00,40.04090396
2025-02-22 08:00,30.23120819
2025-02-22 09:00,37.18613690
2025-02-22 10:00,30.75449780
2025-02-22 11:00,29.88447451
2025-02-22 12:00,36.50760810
2025-02-22 13:00,38.14052386
2025-02-22 14:00,40.47680610
2025-02-22 15:00,41.55466022
2025-02-22 16:00,41.53808839
2025-02-22 17:00,43.52453785
2025-02-22 18:00,38.84882030
2025-02-22 19:00,44.29976090
2025-02-22 20:00,42.78945239
2025-02-22 21:00,39.31920351
2025-02-22 22:00,43.74108265
2025-02-22 23:00,44.06402909
2025-02-23 00:00,35.85935284
2025-02-23 01:00,39.74918053
2025-02-23 02:00,33.53852502
2025-02-23 03:00,26.78210561
2025-02-23 04:00,20.28073548
2025-02-23 05:00,20.74981224
2025-02-23 06:00,14.69221134
2025-02-23 07:00,30.49312981
2025-02-23 08:00,44.75720364
2025-02-23 09:00,51.45230851
2025-02-23 10:00,49.43065079
2025-02-23 11:00,48.96610538
2025-02-23 12:00,50.93502058
2025-02-23 13:00,51.46824209
2025-02-23 14:00,51.24928465
2025-02-23 15:00,52.64835943
2025-02-23 16:00,51.51646867
2025-02-23 17:00,52.33396443
2025-02-23 18:00,51.37001061
2025-02-23 19:00,51.11826627
2025-02-23 20:00,50.95036288
2025-02-23 21:00,50.18415237
2025-02-23 22:00,50.15583131
2025-02-23 23:00,51.59938455
2025-02-24 00:00,48.46779825
2025-02-24 01:00,47.64079013
2025-02-24 02:00,42.46733462
2025-02-24 03:00,40.22682030
2025-02-24 04:00,35.66196040
2025-02-24 05:00,31.33353219
2025-02-24 06:00,25.82067483
2025-02-24 07:00,13.88455075
2025-02-24 08:00,14.63284728
2025-02-24 09:00,18.00345880
2025-02-24 10:00,25.73799408
2025-02-24 11:00,31.27351116
2025-02-24 12:00,28.16128449
2025-02-24 13:00,28.57421216
2025-02-24 14:00,20.84972322
2025-02-24 15:00,21.28850412
2025-02-24 16:00,23.67583328
2025-02-24 17:00,28.93756612
2025-02-24 18:00,26.41918435
2025-02-24 19:00,19.71094559
2025-02-24 20:00,16.74880742
2025-02-24 21:00,10.21097467
2025-02-24 22:00,5.86721420
2025-02-24 23:00,5.18579956
2025-02-25 00:00,1.64251310
2025-02-25 01:00,2.64455437
2025-02-25 02:00,4.82226018
2025-02-25 03:00,4.93501748
2025-02-25 04:00,7.48089065
2025-02-25 05:00,5.84573651
2025-02-25 06:00,6.90711573
2025-02-25 07:00,7.96436323
2025-02-25 08:00,5.19863359
2025-02-25 09:00,2.83422979
2025-02-25 10:00,3.52968191
2025-02-25 11:00,3.89759786
2025-02-25 12:00,7.41638740
2025-02-25 13:00,8.04358308
2025-02-25 14:00,8.89368504
2025-02-25 15:00,11.71401616
2025-02-25 16:00,12.26017492
2025-02-25 17:00,15.66980209
2025-02-25 18:00,16.67535069
2025-02-25 19:00,11.27458657
2025-02-25 20:00,14.01046906
2025-02-25 21:00,19.27929229
2025-02-25 22:00,21.28219927
2025-02-25 23:00,23.15640215
2025-02-26 00:00,15.61802564
2025-02-26 01:00,14.77449757
2025-02-26 02:00,13.71235035
2025-02-26 03:00,13.17114333
2025-02-26 04:00,14.74532970
2025-02-26 05:00,14.62672942
2025-02-26 06:00,13.85280283
2025-02-26 07:00,12.77520740
2025-02-26 08:00,10.32311928
2025-02-26 09:00,11.17130403
2025-02-26 10:00,10.61664835
2025-02-26 11:00,11.60216813
2025-02-26 12:00,12.20261930
2025-02-26 13:00,8.01029568
2025-02-26 14:00,6.98564989
2025-02-26 15:00,6.63310209
2025-02-26 16:00,5.83416766
2025-02-26 17:00,5.08167337
2025-02-26 18:00,1.49391407
2025-02-26 19:00,0.92979660
2025-02-26 20:00,3.01104340
2025-02-26 21:00,3.10545049
2025-02-26 22:00,5.46213004
2025-02-26 23:00,5.36054805
2025-02-27 00:00,2.01418949
2025-02-27 01:00,1.93542412
2025-02-27 02:00,3.25316633
2025-02-27 03:00,2.44825512
2025-02-27 04:00,1.61031787
2025-02-27 05:00,2.93986023
2025-02-27 06:00,3.03746332
2025-02-27 07:00,2.75052189
2025-02-27 08:00,3.32644372
2025-02-27 09:00,2.09537236
2025-02-27 10:00,2.12911945
2025-02-27 11:00,2.46716156
2025-02-27 12:00,5.48187317
2025-02-27 13:00,5.15493319
2025-02-27 14:00,6.56078607
2025-02-27 15:00,6.92187284
2025-02-27 16:00,7.80564209
2025-02-27 17:00,8.36704743
2025-02-27 18:00,3.48276655
2025-02-27 19:00,7.73457447
2025-02-27 20:00,4.08933533
2025-02-27 21:00,3.98027065
2025-02-27 22:00,5.49822817
2025-02-27 23:00,4.76537664
2025-02-28 00:00,1.71036681
2025-02-28 01:00,2.06706189
2025-02-28 02:00,1.90157716
2025-02-28 03:00,2.40585883
2025-02-28 04:00,2.82710306
2025-02-28 05:00,2.93599305
2025-02-28 06:00,2.39430537
2025-02-28 07:00,1.34280285
2025-02-28 08:00,0.88288384
2025-02-28 09:00,1.13645580
2025-02-28 10:00,1.39042573
2025-02-28 11:00,0.61326759
2025-02-28 12:00,1.54509356
2025-02-28 13:00,2.80106357
2025-02-28 14:00,2.18609398
2025-02-28 15:00,2.73374015
2025-02-28 16:00,2.56561432
2025-02-28 17:00,3.95716588
2025-02-28 18:00,1.80135789
2025-02-28 19:00,1.19052071
2025-02-28 20:00,1.83181221
2025-02-28 21:00,1.47245944
2025-02-28 22:00,1.47870998
2025-02-28 23:00,1.74175804
2025-03-01 00:00,0.66475735
2025-03-01 01:00,1.16852518
2025-03-01 02:00,2.25019662
2025-03-01 03:00,2.89393004
2025-03-01 04:00,2.48424868
2025-03-01 05:00,1.00961832
2025-03-01 06:00,1.39359634
2025-03-01 07:00,1.03720000
2025-03-01 08:00,0.86534505
2025-03-01 09:00,0.75892415
2025-03-01 10:00,0.27550564
2025-03-01 11:00,0.54951338
2025-03-01 12:00,0.97031313
2025-03-01 13:00,1.94635093
2025-03-01 14:00,1.09896318
2025-03-01 15:00,5.56827479
2025-03-01 16:00,5.51133145
2025-03-01 17:00,5.00638751
2025-03-01 18:00,5.72568106
2025-03-01 19:00,8.17404303
2025-03-01 20:00,12.55427329
2025-03-01 21:00,14.11821283
2025-03-01 22:00,13.62481855
2025-03-01 23:00,12.00819763
2025-03-02 00:00,7.83464875
2025-03-02 01:00,4.66842434
2025-03-02 02:00,7.44946697
2025-03-02 03:00,5.89996736
2025-03-02 04:00,4.58244020
2025-03-02 05:00,4.07329777
2025-03-02 06:00,5.13728665
2025-03-02 07:00,6.94731190
2025-03-02 08:00,6.70241218
2025-03-02 09:00,4.46328640
2025-03-02 10:00,4.11914874
2025-03-02 11:00,3.58707626
2025-03-02 12:00,6.64646296
2025-03-02 13:00,4.86041877
2025-03-02 14:00,5.47633980
2025-03-02 15:00,7.00182320
2025-03-02 16:00,10.01368971
2025-03-02 17:00,10.33602844
2025-03-02 18:00,21.07444509
2025-03-02 19:00,34.48384551
2025-03-02 20:00,38.66046297
2025-03-02 21:00,40.58542250
2025-03-02 22:00,39.92449462
2025-03-02 23:00,46.97272824
2025-03-03 00:00,51.33379361
2025-03-03 01:00,54.31600361
2025-03-03 02:00,55.27391021
2025-03-03 03:00,55.92537297
2025-03-03 04:00,55.15426949
2025-03-03 05:00,55.17764598
2025-03-03 06:00,53.35469715
2025-03-03 07:00,53.29602761
2025-03-03 08:00,48.21164740
2025-03-03 09:00,52.15167021
2025-03-03 10:00,49.65413544
2025-03-03 11:00,47.02462210
2025-03-03 12:00,44.21815787
2025-03-03 13:00,46.57587450
2025-03-03 14:00,43.10940990
2025-03-03 15:00,34.91673823
2025-03-03 16:00,30.84091170
2025-03-03 17:00,27.75592613
2025-03-03 18:00,32.29202471
2025-03-03 19:00,37.36651905
2025-03-03 20:00,35.39805581
2025-03-03 21:00,28.48808069
2025-03-03 22:00,25.84035970
2025-03-03 23:00,28.15324356
2025-03-04 00:00,24.21645461
2025-03-04 01:00,30.33386111
2025-03-04 02:00,32.15038204
2025-03-04 03:00,37.98608902
2025-03-04 04:00,41.67887507
2025-03-04 05:00,38.66443759
2025-03-04 06:00,43.13049509
2025-03-04 07:00,35.39725267
2025-03-04 08:00,34.60062130
2025-03-04 09:00,32.63582418
2025-03-04 10:00,36.24049029
2025-03-04 11:00,30.52029524
2025-03-04 12:00,34.41140452
2025-03-04 13:00,32.56481094
2025-03-04 14:00,28.71471209
2025-03-04 15:00,30.59694607
2025-03-04 16:00,32.03744878
2025-03-04 17:00,32.98838291
2025-03-04 18:00,34.92311951
2025-03-04 19:00,32.71917489
2025-03-04 20:00,25.10546952
2025-03-04 21:00,25.24667470
2025-03-04 22:00,19.82435251
2025-03-04 23:00,18.72904316
2025-03-05 00:00,8.61460607
2025-03-05 01:00,9.89055418
2025-03-05 02:00,10.66132877
2025-03-05 03:00,11.58273147
2025-03-05 04:00,12.04802246
2025-03-05 05:00,9.37092930
2025-03-05 06:00,8.02626886
2025-03-05 07:00,7.24281851
2025-03-05 08:00,6.43527233
2025-03-05 09:00,6.07094311
2025-03-05 10:00,4.92794917
2025-03-05 11:00,4.99543626
2025-03-05 12:00,4.52180463
2025-03-05 13:00,5.21557515
2025-03-05 14:00,6.56140463
2025-03-05 15:00,10.57132451
2025-03-05 16:00,11.26087658
2025-03-05 17:00,14.26006696
2025-03-05 18:00,12.89377415
2025-03-05 19:00,19.26281752
2025-03-05 20:00,20.39403575
2025-03-05 21:00,21.46261762
2025-03-05 22:00,20.28817880
2025-03-05 23:00,20.00578390
2025-03-06 00:00,25.40176429
2025-03-06 01:00,22.20751052
2025-03-06 02:00,21.03928189
2025-03-06 03:00,22.03259287
2025-03-06 04:00,15.87596948
2025-03-06 05:00,12.50404064
2025-03-06 06:00,10.33264787
2025-03-06 07:00,9.98976725
2025-03-06 08:00,7.31727775
2025-03-06 09:00,8.46207026
2025-03-06 10:00,9.01188978
2025-03-06 11:00,19.04514890
2025-03-06 12:00,22.45235822
2025-03-06 13:00,22.89433033
2025-03-06 14:00,27.24734760
2025-03-06 15:00,28.98571287
2025-03-06 16:00,33.34975957
2025-03-06 17:00,31.05693803
2025-03-06 18:00,29.11571447
2025-03-06 19:00,23.69359383
2025-03-06 20:00,16.47364730
2025-03-06 21:00,14.20355575
2025-03-06 22:00,7.89080902
2025-03-06 23:00,6.35401699
2025-03-07 00:00,4.87904363
2025-03-07 01:00,3.48918626
2025-03-07 02:00,4.14805875
2025-03-07 03:00,3.50602075
2025-03-07 04:00,3.22400722
2025-03-07 05:00,3.09044687
2025-03-07 06:00,2.50016567
2025-03-07 07:00,2.93101130
2025-03-07 08:00,0.79846574
2025-03-07 09:00,0.39681691
2025-03-07 10:00,0.06234904
2025-03-07 11:00,0.09098044
2025-03-07 12:00,0.03579159
2025-03-07 13:00,0.69069704
2025-03-07 14:00,1.97565748
2025-03-07 15:00,4.11926347
2025-03-07 16:00,6.64359052
2025-03-07 17:00,5.68146987
2025-03-07 18:00,4.55186680
2025-03-07 19:00,7.62673128
2025-03-07 20:00,5.30673909
2025-03-07 21:00,2.14124846
2025-03-07 22:00,1.51863467
2025-03-07 23:00,0.38477119
2025-03-08 00:00,0.44879231
2025-03-08 01:00,0.46149571
2025-03-08 02:00,1.18261706
2025-03-08 03:00,0.28786563
2025-03-08 04:00,0.64285807
2025-03-08 05:00,2.33246812
2025-03-08 06:00,3.88526151
2025-03-08 07:00,1.69491529
2025-03-08 08:00,2.37954492
2025-03-08 09:00,0.61420699
2025-03-08 10:00,0.08518283
2025-03-08 11:00,0.05737972
2025-03-08 12:00,0.01651403
2025-03-08 13:00,0.35816499
2025-03-08 14:00,1.58267201
2025-03-08 15:00,2.61488246
2025-03-08 16:00,5.29007129
2025-03-08 17:00,5.28119553
2025-03-08 18:00,3.52469027
2025-03-08 19:00,1.65238232
2025-03-08 20:00,1.85744803
2025-03-08 21:00,1.47491129
2025-03-08 22:00,1.63725910
2025-03-08 23:00,1.50295366
2025-03-09 00:00,2.57966706
2025-03-09 01:00,3.33487538
2025-03-09 02:00,2.86609657
2025-03-09 03:00,2.73543960
2025-03-09 04:00,2.66505430
2025-03-09 05:00,2.00493334
2025-03-09 06:00,3.74860841
2025-03-09 07:00,3.08038217
2025-03-09 08:00,1.28583059
2025-03-09 09:00,0.92876903
2025-03-09 10:00,1.08853368
2025-03-09 11:00,1.79767920
2025-03-09 12:00,2.86041260
2025-03-09 13:00,3.90069308
2025-03-09 14:00,5.69532722
2025-03-09 15:00,6.82253797
2025-03-09 16:00,8.93185141
2025-03-09 17:00,9.46096492
2025-03-09 18:00,8.86944226
2025-03-09 19:00,10.26196446
2025-03-09 20:00,5.50141421
2025-03-09 21:00,3.68421064
2025-03-09 22:00,3.66084828
2025-03-09 23:00,2.85063082
2025-03-10 00:00,1.19275326
2025-03-10 01:00,0.67132687
2025-03-10 02:00,1.83835311
2025-03-10 03:00,3.42521041
2025-03-10 04:00,2.73256286
2025-03-10 05:00,1.68299982
2025-03-10 06:00,2.32043692
2025-03-10 07:00,2.41565314
2025-03-10 08:00,1.58232959
2025-03-10 09:00,1.62298673
2025-03-10 10:00,4.47784382
2025-03-10 11:00,4.06328267
2025-03-10 12:00,2.13746724
2025-03-10 13:00,1.95436569
2025-03-10 14:00,3.14786611
2025-03-10 15:00,2.75635244
2025-03-10 16:00,3.03031048
2025-03-10 17:00,2.97798654
2025-03-10 18:00,1.19882993
2025-03-10 19:00,1.48179156
2025-03-10 20:00,0.54490046
2025-03-10 21:00,0.34166672
2025-03-10 22:00,0.15197098
2025-03-10 23:00,0.33355272
2025-03-11 00:00,1.31563611
2025-03-11 01:00,1.65891888
2025-03-11 02:00,3.70815320
2025-03-11 03:00,2.16743639
2025-03-11 04:00,4.47278191
2025-03-11 05:00,4.20093882
2025-03-11 06:00,9.10484791
2025-03-11 07:00,5.80829396
2025-03-11 08:00,2.75689688
2025-03-11 09:00,1.14686296
2025-03-11 10:00,0.71355263
2025-03-11 11:00,0.02967976
2025-03-11 12:00,0.29715065
2025-03-11 13:00,0.17043238
2025-03-11 14:00,0.12016618
2025-03-11 15:00,0.85999272
2025-03-11 16:00,1.62899990
2025-03-11 17:00,3.17368109
2025-03-11 18:00,3.75135712
2025-03-11 19:00,4.28151009
2025-03-11 20:00,3.72929696
2025-03-11 21:00,4.40844467
2025-03-11 22:00,2.52703525
2025-03-11 23:00,0.94562154
2025-03-12 00:00,0.61444932
2025-03-12 01:00,1.24861725
2025-03-12 02:00,5.04819966
2025-03-12 03:00,3.72559734
2025-03-12 04:00,3.28057350
2025-03-12 05:00,4.71327083
2025-03-12 06:00,2.18638926
2025-03-12 07:00,0.87475396
2025-03-12 08:00,1.41503489
2025-03-12 09:00,2.48186376
2025-03-12 10:00,1.19425231
2025-03-12 11:00,1.21929654
2025-03-12 12:00,1.61496433
2025-03-12 13:00,6.43324125
2025-03-12 14:00,5.67770526
2025-03-12 15:00,3.05662708
2025-03-12 16:00,3.83539412
2025-03-12 17:00,5.57546766
2025-03-12 18:00,4.02144791
2025-03-12 19:00,3.99595866
2025-03-12 20:00,8.33531302
2025-03-12 21:00,7.27426767
2025-03-12 22:00,4.51499510
2025-03-12 23:00,5.89073399
2025-03-13 00:00,14.02022586
2025-03-13 01:00,14.04428641
2025-03-13 02:00,14.54051670
2025-03-13 03:00,16.13780584
2025-03-13 04:00,16.08191733
2025-03-13 05:00,15.47369897
2025-03-13 06:00,16.47972858
2025-03-13 07:00,17.13923327
2025-03-13 08:00,14.60103059
2025-03-13 09:00,13.12258690
2025-03-13 10:00,22.48432407
2025-03-13 11:00,25.79234194
2025-03-13 12:00,21.87591741
2025-03-13 13:00,27.98086825
2025-03-13 14:00,29.69188851
2025-03-13 15:00,31.64570718
2025-03-13 16:00,34.07193365
2025-03-13 17:00,33.82396975
2025-03-13 18:00,30.52768838
2025-03-13 19:00,31.60234806
2025-03-13 20:00,24.98689960
2025-03-13 21:00,26.29877031
2025-03-13 22:00,20.74129145
2025-03-13 23:00,16.14105449
2025-03-14 00:00,9.03349672
2025-03-14 01:00,6.92944482
2025-03-14 02:00,7.17771043
2025-03-14 03:00,10.54677966
2025-03-14 04:00,10.21991751
2025-03-14 05:00,11.71497507
2025-03-14 06:00,11.79216020
2025-03-14 07:00,10.45143817
2025-03-14 08:00,6.94605296
2025-03-14 09:00,7.81910248
2025-03-14 10:00,7.39426475
2025-03-14 11:00,8.79604587
2025-03-14 12:00,7.49860601
2025-03-14 13:00,5.71043329
2025-03-14 14:00,7.31978167
2025-03-14 15:00,9.13877550
2025-03-14 16:00,11.21542633
2025-03-14 17:00,17.40463359
2025-03-14 18:00,8.00386901
2025-03-14 19:00,7.25809814
2025-03-14 20:00,11.93730648
2025-03-14 21:00,5.10656967
2025-03-14 22:00,5.58044731
2025-03-14 23:00,5.55934268
2025-03-15 00:00,13.23361876
2025-03-15 01:00,10.22264096
2025-03-15 02:00,6.04186257
2025-03-15 03:00,6.71997501
2025-03-15 04:00,12.15812810
2025-03-15 05:00,8.42095666
2025-03-15 06:00,12.66504577
2025-03-15 07:00,12.53513289
2025-03-15 08:00,15.53917096
2025-03-15 09:00,20.47995518
2025-03-15 10:00,16.74504727
2025-03-15 11:00,13.21137577
2025-03-15 12:00,9.39559306
2025-03-15 13:00,10.24883038
2025-03-15 14:00,5.59160442
2025-03-15 15:00,7.93149189
2025-03-15 16:00,11.04051033
2025-03-15 17:00,8.36894974
2025-03-15 18:00,9.70740827
2025-03-15 19:00,7.89589004
2025-03-15 20:00,6.84779994
2025-03-15 21:00,7.63543935
2025-03-15 22:00,6.46019178
2025-03-15 23:00,11.84450391
2025-03-16 00:00,12.08632438
2025-03-16 01:00,11.82604332
2025-03-16 02:00,11.25742640
2025-03-16 03:00,10.59960017
2025-03-16 04:00,10.98606189
2025-03-16 05:00,8.79294058
2025-03-16 06:00,8.18556101
2025-03-16 07:00,6.95597958
2025-03-16 08:00,6.66227337
2025-03-16 09:00,17.87571275
2025-03-16 10:00,27.32449685
2025-03-16 11:00,32.48347564
2025-03-16 12:00,37.30126814
2025-03-16 13:00,43.28912778
2025-03-16 14:00,48.26051158
2025-03-16 15:00,53.41699757
2025-03-16 16:00,53.49651575
2025-03-16 17:00,53.33184443
2025-03-16 18:00,53.13539459
2025-03-16 19:00,53.93610357
2025-03-16 20:00,55.39516591
2025-03-16 21:00,53.27317740
2025-03-16 22:00,54.17128640
2025-03-16 23:00,54.43572343
2025-03-17 00:00,53.09298196
2025-03-17 01:00,52.98091239
2025-03-17 02:00,51.96081120
2025-03-17 03:00,51.61863339
2025-03-17 04:00,50.92748897
2025-03-17 05:00,51.39894544
2025-03-17 06:00,50.50878941
2025-03-17 07:00,43.44998915
2025-03-17 08:00,46.79382180
2025-03-17 09:00,43.55317545
2025-03-17 10:00,35.82865546
2025-03-17 11:00,26.64447916
2025-03-17 12:00,26.75231288
2025-03-17 13:00,23.45917988
2025-03-17 14:00,21.85762167
2025-03-17 15:00,21.31350492
2025-03-17 16:00,18.38028437
2025-03-17 17:00,16.47626961
2025-03-17 18:00,11.39652946
2025-03-17 19:00,6.99569509
2025-03-17 20:00,10.84676794
2025-03-17 21:00,11.12125960
2025-03-17 22:00,15.60714407
2025-03-17 23:00,36.76498452
2025-03-18 00:00,43.66761215
2025-03-18 01:00,41.98581660
2025-03-18 02:00,34.01715012
2025-03-18 03:00,39.01043907
2025-03-18 04:00,47.28441768
2025-03-18 05:00,50.58976553
2025-03-18 06:00,55.95340513
2025-03-18 07:00,54.02297819
2025-03-18 08:00,56.82998398
2025-03-18 09:00,56.71111963
2025-03-18 10:00,57.25386292
2025-03-18 11:00,56.03627217
2025-03-18 12:00,55.69635919
2025-03-18 13:00,55.56859589
2025-03-18 14:00,55.13948708
2025-03-18 15:00,55.04279471
2025-03-18 16:00,55.08774244
2025-03-18 17:00,55.88409215
2025-03-18 18:00,55.45945178
2025-03-18 19:00,54.40225900
2025-03-18 20:00,52.74512644
2025-03-18 21:00,53.78091570
2025-03-18 22:00,51.06762042
2025-03-18 23:00,48.50694437
2025-03-19 00:00,34.68414687
2025-03-19 01:00,29.26628330
2025-03-19 02:00,25.88921618
2025-03-19 03:00,23.40956116
2025-03-19 04:00,22.44318689
2025-03-19 05:00,16.36860260
2025-03-19 06:00,10.85938919
2025-03-19 07:00,9.93836915
2025-03-19 08:00,6.17889970
2025-03-19 09:00,15.33490432
2025-03-19 10:00,12.48159106
2025-03-19 11:00,11.44112222
2025-03-19 12:00,8.93644666
2025-03-19 13:00,9.10539470
2025-03-19 14:00,8.71449602
2025-03-19 15:00,9.17954887
2025-03-19 16:00,9.05344094
2025-03-19 17:00,9.85168176
2025-03-19 18:00,9.68446381
2025-03-19 19:00,6.66258869
2025-03-19 20:00,3.71800147
2025-03-19 21:00,5.57543849
2025-03-19 22:00,5.92537695
2025-03-19 23:00,6.15910632
2025-03-20 00:00,11.47588922
2025-03-20 01:00,13.21547557
2025-03-20 02:00,18.00903785
2025-03-20 03:00,27.27717750
2025-03-20 04:00,29.94654384
2025-03-20 05:00,30.28187482
2025-03-20 06:00,35.94345105
2025-03-20 07:00,34.89108723
2025-03-20 08:00,36.67321046
2025-03-20 09:00,37.54211231
2025-03-20 10:00,40.44069047
2025-03-20 11:00,30.69257574
2025-03-20 12:00,27.62521881
2025-03-20 13:00,26.62846753
2025-03-20 14:00,27.33337915
2025-03-20 15:00,29.25059653
2025-03-20 16:00,31.78536998
2025-03-20 17:00,30.19118905
2025-03-20 18:00,32.08311519
2025-03-20 19:00,32.09617364
2025-03-20 20:00,32.82599097
2025-03-20 21:00,32.23527871
2025-03-20 22:00,34.25272930
2025-03-20 23:00,41.26501295
2025-03-21 00:00,34.62627951
2025-03-21 01:00,36.39322955
2025-03-21 02:00,37.38150890
2025-03-21 03:00,36.55020209
2025-03-21 04:00,31.40297390
2025-03-21 05:00,34.39730570
2025-03-21 06:00,36.70976255
2025-03-21 07:00,35.72834015
2025-03-21 08:00,29.62182902
2025-03-21 09:00,26.87572026
2025-03-21 10:00,21.13464415
2025-03-21 11:00,15.85484545
2025-03-21 12:00,16.38844145
2025-03-21 13:00,16.33548124
2025-03-21 14:00,14.60369686
2025-03-21 15:00,15.36604892
2025-03-21 16:00,12.43490212
2025-03-21 17:00,10.58801195
2025-03-21 18:00,7.23010789
2025-03-21 19:00,6.64862132
2025-03-21 20:00,5.89192134
2025-03-21 21:00,5.73727286
2025-03-21 22:00,8.01479049
2025-03-21 23:00,11.49122930
2025-03-22 00:00,31.67407520
2025-03-22 01:00,25.90015011
2025-03-22 02:00,29.19525041
2025-03-22 03:00,31.29771532
2025-03-22 04:00,32.84179867
2025-03-22 05:00,32.25188021
2025-03-22 06:00,36.49118306
2025-03-22 07:00,35.51997888
2025-03-22 08:00,23.92665562
2025-03-22 09:00,24.31650586
2025-03-22 10:00,18.31828810
2025-03-22 11:00,18.34392174
2025-03-22 12:00,19.67175571
2025-03-22 13:00,19.08903328
2025-03-22 14:00,18.84002090
2025-03-22 15:00,19.66191424
2025-03-22 16:00,21.79521735
2025-03-22 17:00,21.54835283
2025-03-22 18:00,21.48173038
2025-03-22 19:00,17.56840711
2025-03-22 20:00,21.04752598
2025-03-22 21:00,16.68304195
2025-03-22 22:00,15.45627572
2025-03-22 23:00,19.75880352
2025-03-23 00:00,24.53314398
2025-03-23 01:00,24.07546447
2025-03-23 02:00,25.46495724
2025-03-23 03:00,22.81685932
2025-03-23 04:00,18.42962703
2025-03-23 05:00,15.46362432
2025-03-23 06:00,14.64735395
2025-03-23 07:00,14.19573992
2025-03-23 08:00,14.63521839
2025-03-23 09:00,18.64676189
2025-03-23 10:00,17.58403787
2025-03-23 11:00,21.78812364
2025-03-23 12:00,20.90414652
2025-03-23 13:00,21.98265122
2025-03-23 14:00,21.92830443
2025-03-23 15:00,25.79433582
2025-03-23 16:00,24.22960502
2025-03-23 17:00,22.89553155
2025-03-23 18:00,18.36966885
2025-03-23 19:00,12.54102477
2025-03-23 20:00,8.02316239
2025-03-23 21:00,7.28561947
2025-03-23 22:00,9.65393662
2025-03-23 23:00,13.87702058
2025-03-24 00:00,17.34126346
2025-03-24 01:00,18.58697674
2025-03-24 02:00,31.27670809
2025-03-24 03:00,43.99399234
2025-03-24 04:00,47.86006111
2025-03-24 05:00,44.61626492
2025-03-24 06:00,53.02506170
2025-03-24 07:00,51.51868944
2025-03-24 08:00,54.26794446
2025-03-24 09:00,55.05442181
2025-03-24 10:00,54.33475222
2025-03-24 11:00,55.27210060
2025-03-24 12:00,56.38545675
2025-03-24 13:00,55.89916629
2025-03-24 14:00,52.76627986
2025-03-24 15:00,52.76000900
2025-03-24 16:00,51.74140835
2025-03-24 17:00,49.45800579
2025-03-24 18:00,47.95982496
2025-03-24 19:00,49.93175052
2025-03-24 20:00,43.76965479
2025-03-24 21:00,39.23640781
2025-03-24 22:00,29.66368728
2025-03-24 23:00,20.90991725
2025-03-25 00:00,17.50562355
2025-03-25 01:00,19.32115610
2025-03-25 02:00,17.48628095
2025-03-25 03:00,13.64934030
2025-03-25 04:00,9.70989513
2025-03-25 05:00,4.06551762
2025-03-25 06:00,14.37758378
2025-03-25 07:00,17.34339263
2025-03-25 08:00,17.84763453
2025-03-25 09:00,24.75825146
2025-03-25 10:00,30.52502456
2025-03-25 11:00,41.38993524
2025-03-25 12:00,46.80290899
2025-03-25 13:00,47.71864423
2025-03-25 14:00,47.75164186
2025-03-25 15:00,45.61241239
2025-03-25 16:00,43.32834386
2025-03-25 17:00,36.21118540
2025-03-25 18:00,25.95829633
2025-03-25 19:00,15.33824920
2025-03-25 20:00,7.39132058
2025-03-25 21:00,2.68939844
2025-03-25 22:00,2.82931724
2025-03-25 23:00,2.75829486
2025-03-26 00:00,3.77573573
2025-03-26 01:00,2.35705944
2025-03-26 02:00,3.91896409
2025-03-26 03:00,3.35561423
2025-03-26 04:00,1.50378103
2025-03-26 05:00,1.12507630
2025-03-26 06:00,1.76130774
2025-03-26 07:00,3.06314311
2025-03-26 08:00,2.19079867
2025-03-26 09:00,3.30339311
2025-03-26 10:00,4.70607464
2025-03-26 11:00,6.60520743
2025-03-26 12:00,6.21808392
2025-03-26 13:00,12.27273960
2025-03-26 14:00,13.80043119
2025-03-26 15:00,15.05078376
2025-03-26 16:00,16.77553280
2025-03-26 17:00,18.56570245
2025-03-26 18:00,23.13825572
2025-03-26 19:00,30.94940910
2025-03-26 20:00,37.54920697
2025-03-26 21:00,36.90459390
2025-03-26 22:00,44.88946363
2025-03-26 23:00,47.64622196
2025-03-27 00:00,55.93008769
2025-03-27 01:00,54.88985675
2025-03-27 02:00,53.52840570
2025-03-27 03:00,52.63981435
2025-03-27 04:00,51.67782741
2025-03-27 05:00,49.26444843
2025-03-27 06:00,47.05304601
2025-03-27 07:00,45.38597767
2025-03-27 08:00,50.78294518
2025-03-27 09:00,47.17451061
2025-03-27 10:00,36.77741773
2025-03-27 11:00,29.39610883
2025-03-27 12:00,22.19878401
2025-03-27 13:00,18.96066149
2025-03-27 14:00,27.06273517
2025-03-27 15:00,31.66278624
2025-03-27 16:00,26.91079347
2025-03-27 17:00,43.67201356
2025-03-27 18:00,49.10106946
2025-03-27 19:00,41.61655878
2025-03-27 20:00,36.61905391
2025-03-27 21:00,36.64070570
2025-03-27 22:00,37.95677276
2025-03-27 23:00,44.49669766
2025-03-28 00:00,48.25518310
2025-03-28 01:00,49.93847625
2025-03-28 02:00,46.90075817
2025-03-28 03:00,44.92007540
2025-03-28 04:00,49.93040602
2025-03-28 05:00,49.05755805
2025-03-28 06:00,49.71218850
2025-03-28 07:00,42.86731858
2025-03-28 08:00,52.08778322
2025-03-28 09:00,51.52684981
2025-03-28 10:00,51.23162387
2025-03-28 11:00,49.94211753
2025-03-28 12:00,50.64272710
2025-03-28 13:00,52.51331504
2025-03-28 14:00,52.69449148
2025-03-28 15:00,51.93543348
2025-03-28 16:00,53.17153271
2025-03-28 17:00,52.65738558
2025-03-28 18:00,52.44585978
2025-03-28 19:00,51.96959410
2025-03-28 20:00,52.23004239
2025-03-28 21:00,52.67586595
2025-03-28 22:00,50.37245132
2025-03-28 23:00,41.38247980
2025-03-29 00:00,18.30363516
2025-03-29 01:00,15.45587055
2025-03-29 02:00,16.22067405
2025-03-29 03:00,19.13882062
2025-03-29 04:00,17.24953914
2025-03-29 05:00,16.41758415
2025-03-29 06:00,14.87932382
2025-03-29 07:00,11.22144579
2025-03-29 08:00,8.30151021
2025-03-29 09:00,7.70579810
2025-03-29 10:00,9.21496520
2025-03-29 11:00,12.80662322
2025-03-29 12:00,20.01442135
2025-03-29 13:00,22.37334173
2025-03-29 14:00,41.98152356
2025-03-29 15:00,41.47892964
2025-03-29 16:00,47.12268534
2025-03-29 17:00,46.78835368
2025-03-29 18:00,47.31117027
2025-03-29 19:00,47.24822957
2025-03-29 20:00,45.46648751
2025-03-29 21:00,44.36784880
2025-03-29 22:00,39.08390368
2025-03-29 23:00,26.67291334
2025-03-30 00:00,16.97589472
2025-03-30 01:00,14.69245180
2025-03-30 02:00,9.96327094
2025-03-30 03:00,10.43260126
2025-03-30 04:00,8.24894563
2025-03-30 05:00,8.88665531
2025-03-30 06:00,13.89472277
2025-03-30 07:00,14.47147382
2025-03-30 08:00,17.17555795
2025-03-30 09:00,13.87728481
2025-03-30 10:00,13.64734026
2025-03-30 11:00,13.28707585
2025-03-30 12:00,8.63657985
2025-03-30 13:00,8.03606011
2025-03-30 14:00,7.36799475
2025-03-30 15:00,10.17575428
2025-03-30 16:00,8.89293966
2025-03-30 17:00,9.25082902
2025-03-30 18:00,9.28952366
2025-03-30 19:00,12.52515456
2025-03-30 20:00,8.14929410
2025-03-30 21:00,8.81489656
2025-03-30 22:00,10.01526587
2025-03-30 23:00,9.80804859
2025-03-31 00:00,5.89951910
2025-03-31 01:00,5.46297694
2025-03-31 02:00,7.19788530
2025-03-31 03:00,7.52294162
2025-03-31 04:00,6.65911663
2025-03-31 05:00,8.76074405
2025-03-31 06:00,6.79309040
2025-03-31 07:00,5.65638957
2025-03-31 08:00,3.67262232
2025-03-31 09:00,4.41355078
2025-03-31 10:00,2.63087881
2025-03-31 11:00,3.46818930
2025-03-31 12:00,5.84273909
2025-03-31 13:00,5.33647826
2025-03-31 14:00,4.32706194
2025-03-31 15:00,4.98583406
2025-03-31 16:00,4.85584927
2025-03-31 17:00,4.85455616
2025-03-31 18:00,3.22990948
2025-03-31 19:00,1.21092222
2025-03-31 20:00,0.67182959
2025-03-31 21:00,1.85022850
2025-03-31 22:00,2.69439632
2025-03-31 23:00,3.86890551
2025-04-01 00:00,3.62315283
2025-04-01 01:00,4.68888559
2025-04-01 02:00,4.05195160
2025-04-01 03:00,2.66031524
2025-04-01 04:00,3.00884122
2025-04-01 05:00,1.97047839
2025-04-01 06:00,2.70553168
2025-04-01 07:00,1.09061456
2025-04-01 08:00,0.76279793
2025-04-01 09:00,0.83012561
2025-04-01 10:00,1.04346116
2025-04-01 11:00,0.97266065
2025-04-01 12:00,1.93184197
2025-04-01 13:00,3.54475932
2025-04-01 14:00,4.44737951
2025-04-01 15:00,6.99264173
2025-04-01 16:00,7.37870712
2025-04-01 17:00,6.72083348
2025-04-01 18:00,6.43783525
2025-04-01 19:00,5.59717933
2025-04-01 20:00,4.00971869
2025-04-01 21:00,1.64943859
2025-04-01 22:00,1.21638882
2025-04-01 23:00,0.94296074
2025-04-02 00:00,0.60959195
2025-04-02 01:00,2.13824871
2025-04-02 02:00,1.88645318
2025-04-02 03:00,2.42690585
2025-04-02 04:00,2.57428473
2025-04-02 05:00,3.30318541
2025-04-02 06:00,3.65844624
2025-04-02 07:00,2.50266942
2025-04-02 08:00,1.14016927
2025-04-02 09:00,2.08346619
2025-04-02 10:00,2.03557688
2025-04-02 11:00,7.81000388
2025-04-02 12:00,9.69232568
2025-04-02 13:00,10.56794419
2025-04-02 14:00,10.33879313
2025-04-02 15:00,9.72889838
2025-04-02 16:00,12.19085841
2025-04-02 17:00,16.57672387
2025-04-02 18:00,15.57940889
2025-04-02 19:00,16.10497431
2025-04-02 20:00,12.00672362
2025-04-02 21:00,8.04959793
2025-04-02 22:00,7.89893120
2025-04-02 23:00,11.89933343
2025-04-03 00:00,3.07993266
2025-04-03 01:00,6.93014869
2025-04-03 02:00,6.31052679
2025-04-03 03:00,5.92577242
2025-04-03 04:00,4.30445161
2025-04-03 05:00,6.92524750
2025-04-03 06:00,6.35821409
2025-04-03 07:00,3.77158042
2025-04-03 08:00,2.48872590
2025-04-03 09:00,1.65323277
2025-04-03 10:00,1.30968986
2025-04-03 11:00,1.44044018
2025-04-03 12:00,2.69287472
2025-04-03 13:00,6.50215848
2025-04-03 14:00,9.19261664
2025-04-03 15:00,10.89269514
2025-04-03 16:00,11.42925197
2025-04-03 17:00,12.79450382
2025-04-03 18:00,16.01075956
2025-04-03 19:00,11.09900497
2025-04-03 20:00,3.90350100
2025-04-03 21:00,2.92483853
2025-04-03 22:00,3.27027100
2025-04-03 23:00,1.20961062
2025-04-04 00:00,0.01386813
2025-04-04 01:00,0.01691387
2025-04-04 02:00,0.41875398
2025-04-04 03:00,0.31464771
2025-04-04 04:00,0.50023438
2025-04-04 05:00,0.41588628
2025-04-04 06:00,0.82481318
2025-04-04 07:00,0.04925138
2025-04-04 08:00,0.33987650
2025-04-04 09:00,0.59315801
2025-04-04 10:00,1.05561495
2025-04-04 11:00,3.05066109
2025-04-04 12:00,5.38825412
2025-04-04 13:00,6.41881270
2025-04-04 14:00,5.98290110
2025-04-04 15:00,6.34256188
2025-04-04 16:00,7.14688302
2025-04-04 17:00,5.04733257
2025-04-04 18:00,4.47609618
2025-04-04 19:00,4.04005597
2025-04-04 20:00,1.93309840
2025-04-04 21:00,1.58107010
2025-04-04 22:00,1.55626926
2025-04-04 23:00,0.73989747
2025-04-05 00:00,0.80698984
2025-04-05 01:00,1.20519101
2025-04-05 02:00,3.33034564
2025-04-05 03:00,4.96080402
2025-04-05 04:00,3.90212633
2025-04-05 05:00,8.42389947
2025-04-05 06:00,16.55723370
2025-04-05 07:00,19.79088169
2025-04-05 08:00,36.95705842
2025-04-05 09:00,38.44179670
2025-04-05 10:00,41.12654634
2025-04-05 11:00,34.16020995
2025-04-05 12:00,46.99128011
2025-04-05 13:00,46.89195577
2025-04-05 14:00,46.05838923
2025-04-05 15:00,38.92705888
2025-04-05 16:00,32.14883683
2025-04-05 17:00,33.55559271
2025-04-05 18:00,22.82848175
2025-04-05 19:00,21.53452586
2025-04-05 20:00,14.06490736
2025-04-05 21:00,6.78708248
2025-04-05 22:00,2.82357133
2025-04-05 23:00,2.42630737
2025-04-06 00:00,11.33687283
2025-04-06 01:00,10.75682469
2025-04-06 02:00,6.59940090
2025-04-06 03:00,2.59282780
2025-04-06 04:00,2.39691495
2025-04-06 05:00,1.82151540
2025-04-06 06:00,3.21029006
2025-04-06 07:00,4.30285831
2025-04-06 08:00,4.30548458
2025-04-06 09:00,4.74163364
2025-04-06 10:00,5.64756143
2025-04-06 11:00,8.18586464
2025-04-06 12:00,12.77553559
2025-04-06 13:00,13.39234502
2025-04-06 14:00,12.88590894
2025-04-06 15:00,14.18083855
2025-04-06 16:00,12.10239176
2025-04-06 17:00,9.53825048
2025-04-06 18:00,9.05738890
2025-04-06 19:00,7.01488237
2025-04-06 20:00,6.92006919
2025-04-06 21:00,6.39530330
2025-04-06 22:00,6.25745129
2025-04-06 23:00,7.24337091
2025-04-07 00:00,4.41256779
2025-04-07 01:00,3.75435371
2025-04-07 02:00,6.15644209
2025-04-07 03:00,6.92870701
2025-04-07 04:00,6.01214392
2025-04-07 05:00,12.62234147
2025-04-07 06:00,12.60479076
2025-04-07 07:00,9.47657636
2025-04-07 08:00,9.47293016
2025-04-07 09:00,14.56155795
2025-04-07 10:00,29.68967397
2025-04-07 11:00,34.84174435
2025-04-07 12:00,40.11287736
2025-04-07 13:00,44.54436231
2025-04-07 14:00,46.39428190
2025-04-07 15:00,46.94344767
2025-04-07 16:00,47.66731064
2025-04-07 17:00,48.07329873
2025-04-07 18:00,47.40712513
2025-04-07 19:00,46.87462625
2025-04-07 20:00,48.38186964
2025-04-07 21:00,49.23800869
2025-04-07 22:00,48.96115801
2025-04-07 23:00,52.71770994
2025-04-08 00:00,48.81666231
2025-04-08 01:00,47.01663131
2025-04-08 02:00,45.64105887
2025-04-08 03:00,40.92496550
2025-04-08 04:00,38.12847990
2025-04-08 05:00,38.42149850
2025-04-08 06:00,38.85200928
2025-04-08 07:00,33.32092494
2025-04-08 08:00,24.91914079
2025-04-08 09:00,25.59551683
2025-04-08 10:00,14.00091822
2025-04-08 11:00,12.24702440
2025-04-08 12:00,10.60662922
2025-04-08 13:00,11.21119214
2025-04-08 14:00,11.82791579
2025-04-08 15:00,12.25401570
2025-04-08 16:00,11.10604173
2025-04-08 17:00,11.61890785
2025-04-08 18:00,11.71686463
2025-04-08 19:00,8.04275669
2025-04-08 20:00,1.98700149
2025-04-08 21:00,1.81874216
2025-04-08 22:00,0.91393932
2025-04-08 23:00,1.04325556
2025-04-09 00:00,0.02095564
2025-04-09 01:00,0.50158828
2025-04-09 02:00,0.19799501
2025-04-09 03:00,0.37367469
2025-04-09 04:00,0.23361114
2025-04-09 05:00,0.51404819
2025-04-09 06:00,0.84836157
2025-04-09 07:00,0.61834468
2025-04-09 08:00,0.01016864
2025-04-09 09:00,0.08382563
2025-04-09 10:00,1.48009224
2025-04-09 11:00,2.01272664
2025-04-09 12:00,3.54698911
2025-04-09 13:00,4.65068901
2025-04-09 14:00,6.46847374
2025-04-09 15:00,13.63689367
2025-04-09 16:00,7.52102129
2025-04-09 17:00,2.91720106
2025-04-09 18:00,8.80359874
2025-04-09 19:00,8.59743047
2025-04-09 20:00,4.38782555
2025-04-09 21:00,2.87160702
2025-04-09 22:00,0.67861422
2025-04-09 23:00,1.41161584
2025-04-10 00:00,0.19104215
2025-04-10 01:00,0.02807375
2025-04-10 02:00,0.08996527
2025-04-10 03:00,0.40209790
2025-04-10 04:00,0.83629289
2025-04-10 05:00,2.07600362
2025-04-10 06:00,0.35066987
2025-04-10 07:00,1.32454831
2025-04-10 08:00,0.19021683
2025-04-10 09:00,0.20816257
2025-04-10 10:00,0.18321101
2025-04-10 11:00,0.27274261
2025-04-10 12:00,2.20181035
2025-04-10 13:00,2.35529486
2025-04-10 14:00,4.17352649
2025-04-10 15:00,4.81126480
2025-04-10 16:00,4.49056648
2025-04-10 17:00,5.77194412
2025-04-10 18:00,4.50008501
2025-04-10 19:00,2.33659957
2025-04-10 20:00,0.98676980
2025-04-10 21:00,0.96608327
2025-04-10 22:00,1.70737628
2025-04-10 23:00,2.72789031
2025-04-11 00:00,2.62023042
2025-04-11 01:00,1.27854152
2025-04-11 02:00,2.35474716
2025-04-11 03:00,1.41536105
2025-04-11 04:00,0.60586394
2025-04-11 05:00,1.53151926
2025-04-11 06:00,0.03832069
2025-04-11 07:00,0.10899611
2025-04-11 08:00,0.01672556
2025-04-11 09:00,0.07444814
2025-04-11 10:00,0.04510981
2025-04-11 11:00,0.06336744
2025-04-11 12:00,0.03691065
2025-04-11 13:00,0.53614767
2025-04-11 14:00,2.35154383
2025-04-11 15:00,2.13803749
2025-04-11 16:00,2.09664962
2025-04-11 17:00,2.03601150
2025-04-11 18:00,1.46415291
2025-04-11 19:00,1.00115815
2025-04-11 20:00,0.86758443
2025-04-11 21:00,1.57206604
2025-04-11 22:00,3.10118298
2025-04-11 23:00,0.64199689
2025-04-12 00:00,6.75914522
2025-04-12 01:00,8.05958462
2025-04-12 02:00,15.24141942
2025-04-12 03:00,28.52898173
2025-04-12 04:00,27.37670993
2025-04-12 05:00,34.47555568
2025-04-12 06:00,40.20920824
2025-04-12 07:00,38.43762384
2025-04-12 08:00,41.49844202
2025-04-12 09:00,48.86409728
2025-04-12 10:00,43.67170409
2025-04-12 11:00,47.74156634
2025-04-12 12:00,50.70533043
2025-04-12 13:00,45.57157854
2025-04-12 14:00,47.43055796
2025-04-12 15:00,47.97960672
2025-04-12 16:00,52.15335775
2025-04-12 17:00,53.27973590
2025-04-12 18:00,53.35109224
2025-04-12 19:00,53.79245447
2025-04-12 20:00,53.37086904
2025-04-12 21:00,53.99763341
2025-04-12 22:00,53.85811981
2025-04-12 23:00,52.37992326
2025-04-13 00:00,50.03607852
2025-04-13 01:00,24.84958251
2025-04-13 02:00,7.43176566
2025-04-13 03:00,16.71512606
2025-04-13 04:00,27.07823392
2025-04-13 05:00,34.16190972
2025-04-13 06:00,54.66949076
2025-04-13 07:00,46.89755690
2025-04-13 08:00,48.31187088
2025-04-13 09:00,54.03550386
2025-04-13 10:00,48.59264307
2025-04-13 11:00,56.08124465
2025-04-13 12:00,56.31546834
2025-04-13 13:00,51.80556826
2025-04-13 14:00,47.20370848
2025-04-13 15:00,50.22533784
2025-04-13 16:00,47.67675058
2025-04-13 17:00,46.17309969
2025-04-13 18:00,44.47792608
2025-04-13 19:00,46.16808063
2025-04-13 20:00,46.23524731
2025-04-13 21:00,45.97200898
2025-04-13 22:00,48.38913312
2025-04-13 23:00,49.47887467
2025-04-14 00:00,52.16806020
2025-04-14 01:00,53.37048432
2025-04-14 02:00,54.48382586
2025-04-14 03:00,52.54138377
2025-04-14 04:00,51.23453980
2025-04-14 05:00,53.05549660
2025-04-14 06:00,46.49532473
2025-04-14 07:00,37.30375042
2025-04-14 08:00,33.56473496
2025-04-14 09:00,26.08709587
2025-04-14 10:00,27.00150452
2025-04-14 11:00,25.04024985
2025-04-14 12:00,39.65105688
2025-04-14 13:00,40.90995480
2025-04-14 14:00,41.51159947
2025-04-14 15:00,40.23287282
2025-04-14 16:00,47.49090604
2025-04-14 17:00,38.89472611
2025-04-14 18:00,42.36391944
2025-04-14 19:00,48.70974338
2025-04-14 20:00,53.37680827
2025-04-14 21:00,53.35044648
2025-04-14 22:00,52.11603276
2025-04-14 23:00,46.20177999
2025-04-15 00:00,48.47557708
2025-04-15 01:00,50.67347501
2025-04-15 02:00,51.98602013
2025-04-15 03:00,49.26489093
2025-04-15 04:00,41.35073805
2025-04-15 05:00,38.86227801
2025-04-15 06:00,31.74915187
2025-04-15 07:00,27.39307422
2025-04-15 08:00,34.45248704
2025-04-15 09:00,32.49661980
2025-04-15 10:00,31.91545909
2025-04-15 11:00,32.19468730
2025-04-15 12:00,32.27031368
2025-04-15 13:00,31.86494587
2025-04-15 14:00,29.83743791
2025-04-15 15:00,25.42595859
2025-04-15 16:00,24.34348447
2025-04-15 17:00,21.63568725
2025-04-15 18:00,18.64771754
2025-04-15 19:00,13.63602270
2025-04-15 20:00,6.28319091
2025-04-15 21:00,4.90111781
2025-04-15 22:00,5.88655869
2025-04-15 23:00,7.53225036
2025-04-16 00:00,7.25995141
2025-04-16 01:00,5.43193100
2025-04-16 02:00,9.36019808
2025-04-16 03:00,10.21035911
2025-04-16 04:00,12.12108453
2025-04-16 05:00,19.59625355
2025-04-16 06:00,25.90265687
2025-04-16 07:00,28.44337410
2025-04-16 08:00,28.02692985
2025-04-16 09:00,33.14790501
2025-04-16 10:00,44.22687677
2025-04-16 11:00,44.39582802
2025-04-16 12:00,44.73243396
2025-04-16 13:00,46.03727075
2025-04-16 14:00,44.97792523
2025-04-16 15:00,47.58766095
2025-04-16 16:00,49.98886814
2025-04-16 17:00,47.36636481
2025-04-16 18:00,49.31081797
2025-04-16 19:00,51.92710074
2025-04-16 20:00,52.65075885
2025-04-16 21:00,53.19391265
2025-04-16 22:00,53.46439976
2025-04-16 23:00,53.43130207
2025-04-17 00:00,53.15574087
2025-04-17 01:00,53.24570129
2025-04-17 02:00,53.22676737
2025-04-17 03:00,53.19566123
2025-04-17 04:00,53.30790859
2025-04-17 05:00,53.15149192
2025-04-17 06:00,53.57140357
2025-04-17 07:00,52.90439615
2025-04-17 08:00,53.46263742
2025-04-17 09:00,53.19456890
2025-04-17 10:00,53.07447915
2025-04-17 11:00,53.29019735
2025-04-17 12:00,52.89839517
2025-04-17 13:00,52.58972031
2025-04-17 14:00,53.13521701
2025-04-17 15:00,52.49383839
2025-04-17 16:00,50.92722878
2025-04-17 17:00,50.40457062
2025-04-17 18:00,50.14391148
2025-04-17 19:00,49.71555325
2025-04-17 20:00,43.78290641
2025-04-17 21:00,40.23370925
2025-04-17 22:00,49.45229934
2025-04-17 23:00,48.80337279
2025-04-18 00:00,41.72899701
2025-04-18 01:00,46.99642911
2025-04-18 02:00,52.43086379
2025-04-18 03:00,51.33474058
2025-04-18 04:00,49.43036522
2025-04-18 05:00,47.36602929
2025-04-18 06:00,45.85585068
2025-04-18 07:00,43.17942683
2025-04-18 08:00,44.70172167
2025-04-18 09:00,44.65511687
2025-04-18 10:00,36.66504426
2025-04-18 11:00,29.49769431
2025-04-18 12:00,26.40789641
2025-04-18 13:00,24.98770067
2025-04-18 14:00,21.28079439
2025-04-18 15:00,26.55540144
2025-04-18 16:00,30.24880484
2025-04-18 17:00,29.97395918
2025-04-18 18:00,27.92061708
2025-04-18 19:00,21.64261943
2025-04-18 20:00,20.53556737
2025-04-18 21:00,27.46722448
2025-04-18 22:00,21.07772579
2025-04-18 23:00,22.06213575
2025-04-19 00:00,29.69939358
2025-04-19 01:00,32.84482501
2025-04-19 02:00,38.25621860
2025-04-19 03:00,43.26294881
2025-04-19 04:00,42.17671585
2025-04-19 05:00,39.18823720
2025-04-19 06:00,38.67255320
2025-04-19 07:00,46.14367307
2025-04-19 08:00,47.35324064
2025-04-19 09:00,45.25258133
2025-04-19 10:00,47.62433819
2025-04-19 11:00,49.02244683
2025-04-19 12:00,50.66081331
2025-04-19 13:00,49.66912913
2025-04-19 14:00,46.60729224
2025-04-19 15:00,47.49427122
2025-04-19 16:00,46.98846584
2025-04-19 17:00,42.07108644
2025-04-19 18:00,43.78786899
2025-04-19 19:00,37.25591242
2025-04-19 20:00,27.90717996
2025-04-19 21:00,15.03191439
2025-04-19 22:00,7.15945306
2025-04-19 23:00,7.33208875
2025-04-20 00:00,3.92821862
2025-04-20 01:00,3.20002913
2025-04-20 02:00,5.07259176
2025-04-20 03:00,5.18244651
2025-04-20 04:00,9.31681637
2025-04-20 05:00,12.93269793
2025-04-20 06:00,14.73237886
2025-04-20 07:00,12.26432889
2025-04-20 08:00,8.46737827
2025-04-20 09:00,9.08069936
2025-04-20 10:00,6.91820916
2025-04-20 11:00,6.88604843
2025-04-20 12:00,8.55626543
2025-04-20 13:00,8.92997180
2025-04-20 14:00,10.17181135
2025-04-20 15:00,13.36242473
2025-04-20 16:00,17.75565927
2025-04-20 17:00,17.81577356
2025-04-20 18:00,12.01739997
2025-04-20 19:00,12.38306452
2025-04-20 20:00,6.85445405
2025-04-20 21:00,5.57210034
2025-04-20 22:00,5.87460024
2025-04-20 23:00,5.60785647
2025-04-21 00:00,0.64213805
2025-04-21 01:00,0.89369538
2025-04-21 02:00,0.48408018
2025-04-21 03:00,0.99372833
2025-04-21 04:00,0.99978768
2025-04-21 05:00,1.62466997
2025-04-21 06:00,1.33978642
2025-04-21 07:00,1.96194655
2025-04-21 08:00,2.93136446
2025-04-21 09:00,3.33132496
2025-04-21 10:00,2.96435295
2025-04-21 11:00,4.72554501
2025-04-21 12:00,6.85545092
2025-04-21 13:00,6.84370539
2025-04-21 14:00,7.33565574
2025-04-21 15:00,8.32241752
2025-04-21 16:00,12.49339926
2025-04-21 17:00,12.14530506
2025-04-21 18:00,8.92542239
2025-04-21 19:00,6.36184479
2025-04-21 20:00,6.82493448
2025-04-21 21:00,9.86811898
2025-04-21 22:00,9.51949792
2025-04-21 23:00,8.79870769
2025-04-22 00:00,9.12274417
2025-04-22 01:00,8.21867707
2025-04-22 02:00,9.17987498
2025-04-22 03:00,11.19413571
2025-04-22 04:00,19.21486958
2025-04-22 05:00,25.01757270
2025-04-22 06:00,26.03536156
2025-04-22 07:00,31.08392083
2025-04-22 08:00,35.03376481
2025-04-22 09:00,42.24370317
2025-04-22 10:00,44.80284807
2025-04-22 11:00,46.68223270
2025-04-22 12:00,48.30886486
2025-04-22 13:00,49.30752717
2025-04-22 14:00,50.81511665
2025-04-22 15:00,51.07195592
2025-04-22 16:00,49.02142583
2025-04-22 17:00,47.99585001
2025-04-22 18:00,43.78559591
2025-04-22 19:00,31.23464869
2025-04-22 20:00,13.59242074
2025-04-22 21:00,10.65848304
2025-04-22 22:00,5.80176991
2025-04-22 23:00,5.55870996
2025-04-23 00:00,8.91224908
2025-04-23 01:00,11.88830962
2025-04-23 02:00,11.09658328
2025-04-23 03:00,11.32566906
2025-04-23 04:00,13.58114837
2025-04-23 05:00,14.06700267
2025-04-23 06:00,9.57892346
2025-04-23 07:00,5.56483598
2025-04-23 08:00,4.54052247
2025-04-23 09:00,2.94654090
2025-04-23 10:00,1.68756447
2025-04-23 11:00,1.50387501
2025-04-23 12:00,2.63103320
2025-04-23 13:00,5.86917372
2025-04-23 14:00,6.06342693
2025-04-23 15:00,4.75823561
2025-04-23 16:00,5.18226171
2025-04-23 17:00,4.11963276
2025-04-23 18:00,2.41973140
2025-04-23 19:00,1.72485335
2025-04-23 20:00,1.25025006
2025-04-23 21:00,1.40648490
2025-04-23 22:00,1.09863701
2025-04-23 23:00,1.24672657
2025-04-24 00:00,2.03920250
2025-04-24 01:00,1.68135172
2025-04-24 02:00,2.08926229
2025-04-24 03:00,2.83703545
2025-04-24 04:00,1.26069813
2025-04-24 05:00,0.84862723
2025-04-24 06:00,1.05210241
2025-04-24 07:00,1.40087576
2025-04-24 08:00,2.81043013
2025-04-24 09:00,3.52499166
2025-04-24 10:00,5.63546786
2025-04-24 11:00,7.98749324
2025-04-24 12:00,8.56563288
2025-04-24 13:00,9.98668899
2025-04-24 14:00,11.19236403
2025-04-24 15:00,11.17282754
2025-04-24 16:00,11.39169932
2025-04-24 17:00,13.78779474
2025-04-24 18:00,28.74065254
2025-04-24 19:00,36.70349217
2025-04-24 20:00,36.70351904
2025-04-24 21:00,35.04935985
2025-04-24 22:00,25.94513314
2025-04-24 23:00,22.84726706
2025-04-25 00:00,26.51601405
2025-04-25 01:00,20.70056201
2025-04-25 02:00,17.32984255
2025-04-25 03:00,17.27883985
2025-04-25 04:00,15.13966750
2025-04-25 05:00,13.66230082
2025-04-25 06:00,11.08906072
2025-04-25 07:00,6.22796864
2025-04-25 08:00,5.46171625
2025-04-25 09:00,5.67498288
2025-04-25 10:00,4.45871558
2025-04-25 11:00,5.86922565
2025-04-25 12:00,6.54512933
2025-04-25 13:00,6.79418418
2025-04-25 14:00,7.83107201
2025-04-25 15:00,11.51462246
2025-04-25 16:00,10.13474257
2025-04-25 17:00,10.33591165
2025-04-25 18:00,9.36557765
2025-04-25 19:00,8.82142133
2025-04-25 20:00,1.99666131
2025-04-25 21:00,1.56268697
2025-04-25 22:00,1.79019327
2025-04-25 23:00,2.74354193
2025-04-26 00:00,2.67172040
2025-04-26 01:00,3.58860562
2025-04-26 02:00,3.32461176
2025-04-26 03:00,1.74876612
2025-04-26 04:00,1.05348037
2025-04-26 05:00,1.55643864
2025-04-26 06:00,2.18446996
2025-04-26 07:00,3.57262790
2025-04-26 08:00,2.58162846
2025-04-26 09:00,4.41809903
2025-04-26 10:00,7.49225737
2025-04-26 11:00,9.27531978
2025-04-26 12:00,14.46189076
2025-04-26 13:00,20.36809181
2025-04-26 14:00,20.93773244
2025-04-26 15:00,21.90109815
2025-04-26 16:00,21.02530597
2025-04-26 17:00,19.72800460
2025-04-26 18:00,18.20415068
2025-04-26 19:00,13.12332694
2025-04-26 20:00,14.24225784
2025-04-26 21:00,15.60931551
2025-04-26 22:00,16.04942808
2025-04-26 23:00,16.42893509
2025-04-27 00:00,10.62830875
2025-04-27 01:00,7.74971628
2025-04-27 02:00,9.21537174
2025-04-27 03:00,13.56514283
2025-04-27 04:00,15.82126208
2025-04-27 05:00,17.51217876
2025-04-27 06:00,16.82621868
2025-04-27 07:00,15.90964780
2025-04-27 08:00,15.99774268
2025-04-27 09:00,12.85313242
2025-04-27 10:00,7.37594871
2025-04-27 11:00,7.42459873
2025-04-27 12:00,10.55547503
2025-04-27 13:00,11.36335847
2025-04-27 14:00,10.12924522
2025-04-27 15:00,6.75252764
2025-04-27 16:00,5.50367811
2025-04-27 17:00,6.87900128
2025-04-27 18:00,3.46982692
2025-04-27 19:00,4.39747340
2025-04-27 20:00,4.24952836
2025-04-27 21:00,7.62761904
2025-04-27 22:00,9.12071963
2025-04-27 23:00,6.40320094
2025-04-28 00:00,4.20084721
2025-04-28 01:00,2.55624760
2025-04-28 02:00,1.93453876
2025-04-28 03:00,3.07588292
2025-04-28 04:00,2.87787138
2025-04-28 05:00,1.11663168
2025-04-28 06:00,3.92687568
2025-04-28 07:00,2.29638977
2025-04-28 08:00,3.24318101
2025-04-28 09:00,5.21784784
2025-04-28 10:00,9.71557948
2025-04-28 11:00,12.36055633
2025-04-28 12:00,13.28659223
2025-04-28 13:00,16.03482892
2025-04-28 14:00,21.53226585
2025-04-28 15:00,26.71773105
2025-04-28 16:00,29.01074904
2025-04-28 17:00,37.07804715
2025-04-28 18:00,39.11569984
2025-04-28 19:00,32.35935625
2025-04-28 20:00,26.06538244
2025-04-28 21:00,16.49639113
2025-04-28 22:00,7.83960004
2025-04-28 23:00,7.79088769
2025-04-29 00:00,4.04173197
2025-04-29 01:00,2.84926208
2025-04-29 02:00,2.64963354
2025-04-29 03:00,3.03828744
2025-04-29 04:00,3.94358764
2025-04-29 05:00,3.17394134
2025-04-29 06:00,2.24851657
2025-04-29 07:00,0.35617181
2025-04-29 08:00,0.16877076
2025-04-29 09:00,0.10941633
2025-04-29 10:00,0.25949339
2025-04-29 11:00,0.41479021
2025-04-29 12:00,1.70602304
2025-04-29 13:00,2.53968574
2025-04-29 14:00,3.85057223
2025-04-29 15:00,4.57820188
2025-04-29 16:00,5.22950942
2025-04-29 17:00,6.95606548
2025-04-29 18:00,10.05198778
2025-04-29 19:00,6.66038340
2025-04-29 20:00,9.51423185
2025-04-29 21:00,11.54240180
2025-04-29 22:00,12.78981989
2025-04-29 23:00,13.59083974
2025-04-30 00:00,15.79674119
2025-04-30 01:00,24.00390184
2025-04-30 02:00,26.00728895
2025-04-30 03:00,30.81321230
2025-04-30 04:00,29.07960899
2025-04-30 05:00,25.76063418
2025-04-30 06:00,31.78768043
2025-04-30 07:00,32.93434232
2025-04-30 08:00,35.40663382
2025-04-30 09:00,41.30029890
2025-04-30 10:00,43.15977472
2025-04-30 11:00,41.84583655
2025-04-30 12:00,42.83528529
2025-04-30 13:00,45.68256565
2025-04-30 14:00,44.83985900
2025-04-30 15:00,45.71859991
2025-04-30 16:00,44.91931877
2025-04-30 17:00,42.91175162
2025-04-30 18:00,38.82467452
2025-04-30 19:00,39.87336426
2025-04-30 20:00,41.71037794
2025-04-30 21:00,37.60286349
2025-04-30 22:00,35.93296034
2025-04-30 23:00,44.02393029
2025-05-01 00:00,45.85943169
2025-05-01 01:00,43.85521666
2025-05-01 02:00,49.85498967
2025-05-01 03:00,52.37488981
2025-05-01 04:00,50.09378508
2025-05-01 05:00,51.23487108
2025-05-01 06:00,52.84386685
2025-05-01 07:00,52.83034354
2025-05-01 08:00,54.34281722
2025-05-01 09:00,53.54801784
2025-05-01 10:00,53.80950805
2025-05-01 11:00,51.15491856
2025-05-01 12:00,49.23299728
2025-05-01 13:00,48.62253739
2025-05-01 14:00,39.39565618
2025-05-01 15:00,28.11279447
2025-05-01 16:00,35.08781694
2025-05-01 17:00,24.18093517
2025-05-01 18:00,31.49007659
2025-05-01 19:00,21.28609886
2025-05-01 20:00,13.07437028
2025-05-01 21:00,18.77870621
2025-05-01 22:00,12.45161528
2025-05-01 23:00,14.79227098
2025-05-02 00:00,18.13357329
2025-05-02 01:00,20.89250904
2025-05-02 02:00,27.44814999
2025-05-02 03:00,35.06216733
2025-05-02 04:00,34.21687949
2025-05-02 05:00,30.10494607
2025-05-02 06:00,25.69504651
2025-05-02 07:00,24.75201649
2025-05-02 08:00,33.94650606
2025-05-02 09:00,29.96154149
2025-05-02 10:00,31.13200460
2025-05-02 11:00,19.49615503
2025-05-02 12:00,16.29870097
2025-05-02 13:00,12.66638999
2025-05-02 14:00,11.55855229
2025-05-02 15:00,12.56639657
2025-05-02 16:00,9.78501181
2025-05-02 17:00,10.02076458
2025-05-02 18:00,7.39519834
2025-05-02 19:00,3.79302137
2025-05-02 20:00,3.01677574
2025-05-02 21:00,1.78998174
2025-05-02 22:00,1.83257310
2025-05-02 23:00,2.11650752
2025-05-03 00:00,1.83543838
2025-05-03 01:00,3.06477232
2025-05-03 02:00,6.64027470
2025-05-03 03:00,11.62509330
2025-05-03 04:00,15.34978508
2025-05-03 05:00,9.15161510
2025-05-03 06:00,13.26601783
2025-05-03 07:00,23.48002354
2025-05-03 08:00,16.54732869
2025-05-03 09:00,18.06561401
2025-05-03 10:00,16.35421712
2025-05-03 11:00,13.54867383
2025-05-03 12:00,8.03171733
2025-05-03 13:00,6.96210989
2025-05-03 14:00,10.77765498
2025-05-03 15:00,24.33627185
2025-05-03 16:00,38.41034913
2025-05-03 17:00,45.13613290
2025-05-03 18:00,46.54428852
2025-05-03 19:00,37.80524738
2025-05-03 20:00,33.37226000
2025-05-03 21:00,32.22129208
2025-05-03 22:00,26.83246433
2025-05-03 23:00,18.32705597
2025-05-04 00:00,2.24778303
2025-05-04 01:00,6.64417517
2025-05-04 02:00,6.85236674
2025-05-04 03:00,7.84392815
2025-05-04 04:00,6.25828786
2025-05-04 05:00,6.16641747
2025-05-04 06:00,5.07688413
2025-05-04 07:00,2.34669960
2025-05-04 08:00,1.62203856
2025-05-04 09:00,2.27123084
2025-05-04 10:00,1.81998908
2025-05-04 11:00,3.98369018
2025-05-04 12:00,9.94943069
2025-05-04 13:00,10.88491653
2025-05-04 14:00,12.91921394
2025-05-04 15:00,14.73173992
2025-05-04 16:00,13.20568992
2025-05-04 17:00,11.64220686
2025-05-04 18:00,8.28798891
2025-05-04 19:00,4.99999058
2025-05-04 20:00,3.46071207
2025-05-04 21:00,4.41841148
2025-05-04 22:00,3.05598734
2025-05-04 23:00,2.59919096
2025-05-05 00:00,1.07109921
2025-05-05 01:00,1.34637861
2025-05-05 02:00,2.31891346
2025-05-05 03:00,1.50327042
2025-05-05 04:00,1.23678070
2025-05-05 05:00,2.80215098
2025-05-05 06:00,1.70519156
2025-05-05 07:00,1.19249616
2025-05-05 08:00,1.21626499
2025-05-05 09:00,1.79056175
2025-05-05 10:00,1.40816859
2025-05-05 11:00,1.53444788
2025-05-05 12:00,2.27286212
2025-05-05 13:00,2.57373420
2025-05-05 14:00,2.66491509
2025-05-05 15:00,3.75095592
2025-05-05 16:00,4.80070856
2025-05-05 17:00,3.43546949
2025-05-05 18:00,9.19028404
2025-05-05 19:00,14.15931789
2025-05-05 20:00,7.44389363
2025-05-05 21:00,4.00102547
2025-05-05 22:00,13.44227803
2025-05-05 23:00,14.58789827
2025-05-06 00:00,6.06247402
2025-05-06 01:00,4.68958818
2025-05-06 02:00,5.90876285
2025-05-06 03:00,4.62772710
2025-05-06 04:00,5.73795546
2025-05-06 05:00,7.04520029
2025-05-06 06:00,7.29561394
2025-05-06 07:00,5.99507211
2025-05-06 08:00,2.74285237
2025-05-06 09:00,2.10779321
2025-05-06 10:00,1.19951557
2025-05-06 11:00,0.83240837
2025-05-06 12:00,0.60780897
2025-05-06 13:00,2.13802352
2025-05-06 14:00,5.03086912
2025-05-06 15:00,4.36443778
2025-05-06 16:00,5.30646013
2025-05-06 17:00,10.36806304
2025-05-06 18:00,7.98690320
2025-05-06 19:00,6.45929317
2025-05-06 20:00,4.11563440
2025-05-06 21:00,3.28177338
2025-05-06 22:00,2.87761687
2025-05-06 23:00,2.40038354
2025-05-07 00:00,0.37422088
2025-05-07 01:00,1.09945501
2025-05-07 02:00,1.88042333
2025-05-07 03:00,1.40260761
2025-05-07 04:00,1.56546556
2025-05-07 05:00,2.01259961
2025-05-07 06:00,0.90322548
2025-05-07 07:00,0.13592273
2025-05-07 08:00,0.00408644
2025-05-07 09:00,0.01995270
2025-05-07 10:00,0.04232317
2025-05-07 11:00,0.17279478
2025-05-07 12:00,0.70172195
2025-05-07 13:00,2.27794055
2025-05-07 14:00,3.35742559
2025-05-07 15:00,4.37546148
2025-05-07 16:00,3.99266331
2025-05-07 17:00,4.20307007
2025-05-07 18:00,2.54199613
2025-05-07 19:00,0.43930518
2025-05-07 20:00,0.45577526
2025-05-07 21:00,0.14551133
2025-05-07 22:00,0.36280690
2025-05-07 23:00,0.49992507
2025-05-08 00:00,0.33093583
2025-05-08 01:00,0.48354449
2025-05-08 02:00,1.86372800
2025-05-08 03:00,2.18482556
2025-05-08 04:00,2.76191766
2025-05-08 05:00,3.75852125
2025-05-08 06:00,3.02221596
2025-05-08 07:00,1.21150955
2025-05-08 08:00,1.35170582
2025-05-08 09:00,1.33362298
2025-05-08 10:00,1.41474926
2025-05-08 11:00,1.41271792
2025-05-08 12:00,1.73230133
2025-05-08 13:00,2.42069600
2025-05-08 14:00,4.39174551
2025-05-08 15:00,7.75345691
2025-05-08 16:00,7.68556942
2025-05-08 17:00,8.20178424
2025-05-08 18:00,7.77871996
2025-05-08 19:00,2.22178941
2025-05-08 20:00,1.51424170
2025-05-08 21:00,1.27662723
2025-05-08 22:00,1.17423512
2025-05-08 23:00,1.94985906
2025-05-09 00:00,1.98946333
2025-05-09 01:00,6.29630344
2025-05-09 02:00,11.30967707
2025-05-09 03:00,8.56962017
2025-05-09 04:00,16.45087623
2025-05-09 05:00,21.43261675
2025-05-09 06:00,20.22371236
2025-05-09 07:00,21.68060415
2025-05-09 08:00,36.47677818
2025-05-09 09:00,34.25661308
2025-05-09 10:00,33.64979618
2025-05-09 11:00,52.30372578
2025-05-09 12:00,54.55093163
2025-05-09 13:00,54.40344455
2025-05-09 14:00,52.75944277
2025-05-09 15:00,52.73637269
2025-05-09 16:00,51.93254178
2025-05-09 17:00,52.11928852
2025-05-09 18:00,53.63155204
2025-05-09 19:00,52.45277319
2025-05-09 20:00,52.02193054
2025-05-09 21:00,52.23993579
2025-05-09 22:00,51.74344628
2025-05-09 23:00,53.08520617
2025-05-10 00:00,55.55642807
2025-05-10 01:00,55.45889727
2025-05-10 02:00,53.97496632
2025-05-10 03:00,54.69312716
2025-05-10 04:00,52.57723584
2025-05-10 05:00,51.02114387
2025-05-10 06:00,51.15191420
2025-05-10 07:00,47.12188685
2025-05-10 08:00,50.32463834
2025-05-10 09:00,52.47386932
2025-05-10 10:00,51.52444988
2025-05-10 11:00,54.35985382
2025-05-10 12:00,52.24829958
2025-05-10 13:00,53.47874796
2025-05-10 14:00,53.59206563
2025-05-10 15:00,50.58102457
2025-05-10 16:00,49.12840770
2025-05-10 17:00,47.81959130
2025-05-10 18:00,46.91028564
2025-05-10 19:00,40.22754950
2025-05-10 20:00,31.30399503
2025-05-10 21:00,29.01511410
2025-05-10 22:00,23.39982617
2025-05-10 23:00,18.37874200
2025-05-11 00:00,10.77674712
2025-05-11 01:00,6.41144658
2025-05-11 02:00,4.77811200
2025-05-11 03:00,3.18991198
2025-05-11 04:00,2.49049685
2025-05-11 05:00,2.20611764
2025-05-11 06:00,1.54733319
2025-05-11 07:00,2.46382864
2025-05-11 08:00,1.16763356
2025-05-11 09:00,1.39810164
2025-05-11 10:00,3.38367522
2025-05-11 11:00,9.51401124
2025-05-11 12:00,12.29611765
2025-05-11 13:00,12.46803782
2025-05-11 14:00,11.57258548
2025-05-11 15:00,11.24221838
2025-05-11 16:00,9.09843759
2025-05-11 17:00,8.02033687
2025-05-11 18:00,5.93178244
2025-05-11 19:00,3.20253267
2025-05-11 20:00,5.19941400
2025-05-11 21:00,6.51827064
2025-05-11 22:00,6.54846148
2025-05-11 23:00,7.05609925
2025-05-12 00:00,7.99822264
2025-05-12 01:00,7.70612291
2025-05-12 02:00,9.48638322
2025-05-12 03:00,8.72839316
2025-05-12 04:00,6.90268006
2025-05-12 05:00,6.64349737
2025-05-12 06:00,6.90494358
2025-05-12 07:00,7.51782193
2025-05-12 08:00,9.31466400
2025-05-12 09:00,7.59665687
2025-05-12 10:00,7.24214145
2025-05-12 11:00,11.00376099
2025-05-12 12:00,13.02483088
2025-05-12 13:00,15.66170225
2025-05-12 14:00,15.21375333
2025-05-12 15:00,18.13762204
2025-05-12 16:00,20.42319409
2025-05-12 17:00,20.23767053
2025-05-12 18:00,19.28302138
2025-05-12 19:00,25.02877985
2025-05-12 20:00,18.49024370
2025-05-12 21:00,15.29547453
2025-05-12 22:00,18.08804672
2025-05-12 23:00,22.53077616
2025-05-13 00:00,21.05409829
2025-05-13 01:00,17.84589105
2025-05-13 02:00,19.93320741
2025-05-13 03:00,21.20062875
2025-05-13 04:00,23.75231933
2025-05-13 05:00,29.21165569
2025-05-13 06:00,31.96934919
2025-05-13 07:00,31.01771800
2025-05-13 08:00,32.19561569
2025-05-13 09:00,36.37116767
2025-05-13 10:00,31.93462749
2025-05-13 11:00,31.74004926
2025-05-13 12:00,29.46260757
2025-05-13 13:00,27.68149375
2025-05-13 14:00,26.66128125
2025-05-13 15:00,28.07542486
2025-05-13 16:00,27.06571909
2025-05-13 17:00,27.83579666
2025-05-13 18:00,23.71305703
2025-05-13 19:00,11.41605379
2025-05-13 20:00,12.99722662
2025-05-13 21:00,8.08303283
2025-05-13 22:00,5.45206571
2025-05-13 23:00,3.37359329
2025-05-14 00:00,10.41556858
2025-05-14 01:00,7.74167678
2025-05-14 02:00,11.43587588
2025-05-14 03:00,8.03716201
2025-05-14 04:00,5.52080297
2025-05-14 05:00,9.48823796
2025-05-14 06:00,11.20934575
2025-05-14 07:00,6.05991593
2025-05-14 08:00,6.70338681
2025-05-14 09:00,13.68481083
2025-05-14 10:00,16.54634906
2025-05-14 11:00,22.64972564
2025-05-14 12:00,25.72288942
2025-05-14 13:00,22.72301309
2025-05-14 14:00,22.89841828
2025-05-14 15:00,28.41995454
2025-05-14 16:00,31.06617205
2025-05-14 17:00,26.92198005
2025-05-14 18:00,29.67368798
2025-05-14 19:00,34.62315514
2025-05-14 20:00,33.19090395
2025-05-14 21:00,31.60798516
2025-05-14 22:00,35.69095522
2025-05-14 23:00,37.39758380
2025-05-15 00:00,37.64415006
2025-05-15 01:00,36.94374257
2025-05-15 02:00,41.11662330
2025-05-15 03:00,44.89931546
2025-05-15 04:00,38.09057461
2025-05-15 05:00,36.32518034
2025-05-15 06:00,39.62023488
2025-05-15 07:00,34.27114614
2025-05-15 08:00,26.09578691
2025-05-15 09:00,29.28406316
2025-05-15 10:00,33.17796669
2025-05-15 11:00,26.30019515
2025-05-15 12:00,20.52393954
2025-05-15 13:00,21.56467843
2025-05-15 14:00,18.05622398
2025-05-15 15:00,21.39534002
2025-05-15 16:00,20.01847241
2025-05-15 17:00,21.51807895
2025-05-15 18:00,20.47861152
2025-05-15 19:00,21.36756604
2025-05-15 20:00,18.14764292
2025-05-15 21:00,17.24994289
2025-05-15 22:00,24.86800358
2025-05-15 23:00,23.86192526
2025-05-16 00:00,15.80900464
2025-05-16 01:00,14.05979177
2025-05-16 02:00,16.16371717
2025-05-16 03:00,24.82106939
2025-05-16 04:00,19.61293855
2025-05-16 05:00,13.70393187
2025-05-16 06:00,18.90985662
2025-05-16 07:00,16.13217953
2025-05-16 08:00,9.96888648
2025-05-16 09:00,18.64623061
2025-05-16 10:00,19.37069825
2025-05-16 11:00,14.90139785
2025-05-16 12:00,19.33066072
2025-05-16 13:00,22.11544102
2025-05-16 14:00,18.54039198
2025-05-16 15:00,31.93882450
2025-05-16 16:00,32.40718450
2025-05-16 17:00,34.09216002
2025-05-16 18:00,25.85135533
2025-05-16 19:00,39.46408780
2025-05-16 20:00,34.90126685
2025-05-16 21:00,38.11676633
2025-05-16 22:00,32.93869283
2025-05-16 23:00,38.55031350
2025-05-17 00:00,10.49048546
2025-05-17 01:00,11.13346319
2025-05-17 02:00,6.10096530
2025-05-17 03:00,5.97109994
2025-05-17 04:00,4.15191431
2025-05-17 05:00,5.99471638
2025-05-17 06:00,3.67293082
2025-05-17 07:00,3.26187939
2025-05-17 08:00,3.05301891
2025-05-17 09:00,2.16681670
2025-05-17 10:00,1.57985901
2025-05-17 11:00,1.85805493
2025-05-17 12:00,2.22749396
2025-05-17 13:00,1.30688272
2025-05-17 14:00,4.35701307
2025-05-17 15:00,10.90118019
2025-05-17 16:00,14.78223291
2025-05-17 17:00,17.76400075
2025-05-17 18:00,20.42126581
2025-05-17 19:00,20.25281442
2025-05-17 20:00,13.65747986
2025-05-17 21:00,9.78055562
2025-05-17 22:00,10.96530617
2025-05-17 23:00,12.37137486
2025-05-18 00:00,10.19269230
2025-05-18 01:00,10.70062638
2025-05-18 02:00,11.08078573
2025-05-18 03:00,10.24289996
2025-05-18 04:00,8.30101872
2025-05-18 05:00,6.51711776
2025-05-18 06:00,6.84572029
2025-05-18 07:00,9.99942825
2025-05-18 08:00,9.05316440
2025-05-18 09:00,3.84080278
2025-05-18 10:00,2.67964001
2025-05-18 11:00,2.68642065
2025-05-18 12:00,4.55444816
2025-05-18 13:00,5.56803617
2025-05-18 14:00,4.79932063
2025-05-18 15:00,5.05469037
2025-05-18 16:00,5.49493903
2025-05-18 17:00,4.49021370
2025-05-18 18:00,1.85669628
2025-05-18 19:00,0.87020163
2025-05-18 20:00,0.53070665
2025-05-18 21:00,0.60935109
2025-05-18 22:00,0.46382811
2025-05-18 23:00,1.07732599
2025-05-19 00:00,1.89847465
2025-05-19 01:00,1.36115984
2025-05-19 02:00,1.71173476
2025-05-19 03:00,2.75789783
2025-05-19 04:00,4.47030967
2025-05-19 05:00,10.21751911
2025-05-19 06:00,14.32884708
2025-05-19 07:00,24.02263171
2025-05-19 08:00,39.85486855
2025-05-19 09:00,47.21102585
2025-05-19 10:00,48.55232069
2025-05-19 11:00,49.66473357
2025-05-19 12:00,52.57843311
2025-05-19 13:00,50.37641235
2025-05-19 14:00,49.44292948
2025-05-19 15:00,48.46906752
2025-05-19 16:00,48.09273617
2025-05-19 17:00,47.91346197
2025-05-19 18:00,44.45534303
2025-05-19 19:00,43.19084117
2025-05-19 20:00,40.53717576
2025-05-19 21:00,39.70107308
2025-05-19 22:00,41.64630252
2025-05-19 23:00,41.36590081
2025-05-20 00:00,51.21938056
2025-05-20 01:00,48.56178904
2025-05-20 02:00,48.90908030
2025-05-20 03:00,44.57777157
2025-05-20 04:00,43.53046098
2025-05-20 05:00,44.68579519
2025-05-20 06:00,44.58325842
2025-05-20 07:00,43.19214795
2025-05-20 08:00,39.70578005
2025-05-20 09:00,40.12308595
2025-05-20 10:00,38.44786772
2025-05-20 11:00,35.20753247
2025-05-20 12:00,33.68165257
2025-05-20 13:00,28.03993681
2025-05-20 14:00,29.27312417
2025-05-20 15:00,33.01290480
2025-05-20 16:00,27.91296521
2025-05-20 17:00,28.20980884
2025-05-20 18:00,27.23487554
2025-05-20 19:00,18.81401067
2025-05-20 20:00,17.91279638
2025-05-20 21:00,20.10628513
2025-05-20 22:00,29.70041485
2025-05-20 23:00,32.67762304
2025-05-21 00:00,17.10800773
2025-05-21 01:00,12.83442872
2025-05-21 02:00,11.92678060
2025-05-21 03:00,11.36651292
2025-05-21 04:00,9.43971224
2025-05-21 05:00,7.44573943
2025-05-21 06:00,10.92375251
2025-05-21 07:00,13.69755584
2025-05-21 08:00,5.72087660
2025-05-21 09:00,3.78012356
2025-05-21 10:00,1.60868179
2025-05-21 11:00,1.56716821
2025-05-21 12:00,1.31610271
2025-05-21 13:00,1.92381683
2025-05-21 14:00,1.12625035
2025-05-21 15:00,1.75343060
2025-05-21 16:00,1.99805005
2025-05-21 17:00,2.54971242
2025-05-21 18:00,3.62989919
2025-05-21 19:00,5.22168423
2025-05-21 20:00,5.32262315
2025-05-21 21:00,4.14167137
2025-05-21 22:00,5.04215446
2025-05-21 23:00,5.22905204
2025-05-22 00:00,3.07169081
2025-05-22 01:00,4.21467955
2025-05-22 02:00,6.41336276
2025-05-22 03:00,5.45427382
2025-05-22 04:00,1.94456725
2025-05-22 05:00,2.02462843
2025-05-22 06:00,1.94406111
2025-05-22 07:00,2.65073069
2025-05-22 08:00,1.25750997
2025-05-22 09:00,1.28144702
2025-05-22 10:00,0.75361060
2025-05-22 11:00,1.14696133
2025-05-22 12:00,1.65613288
2025-05-22 13:00,3.92429298
2025-05-22 14:00,4.85956820
2025-05-22 15:00,5.04087114
2025-05-22 16:00,4.51279233
2025-05-22 17:00,3.92984994
2025-05-22 18:00,5.42543371
2025-05-22 19:00,2.59007625
2025-05-22 20:00,1.70609396
2025-05-22 21:00,1.16791440
2025-05-22 22:00,1.27184508
2025-05-22 23:00,1.55064712
2025-05-23 00:00,2.77206223
2025-05-23 01:00,1.53084740
2025-05-23 02:00,0.82455171
2025-05-23 03:00,0.58540490
2025-05-23 04:00,0.77310284
2025-05-23 05:00,0.31369868
2025-05-23 06:00,0.14600162
2025-05-23 07:00,0.29602120
2025-05-23 08:00,0.35069114
2025-05-23 09:00,0.32697982
2025-05-23 10:00,0.74866939
2025-05-23 11:00,0.85345432
2025-05-23 12:00,1.09921870
2025-05-23 13:00,1.01273072
2025-05-23 14:00,1.20139886
2025-05-23 15:00,1.93609699
2025-05-23 16:00,2.53609303
2025-05-23 17:00,2.75016770
2025-05-23 18:00,4.10067616
2025-05-23 19:00,4.23621659
2025-05-23 20:00,3.78630583
2025-05-23 21:00,2.48870293
2025-05-23 22:00,2.43894551
2025-05-23 23:00,0.99795969
2025-05-24 00:00,4.67522671
2025-05-24 01:00,6.17760955
2025-05-24 02:00,4.97217567
2025-05-24 03:00,9.54493218
2025-05-24 04:00,8.24630064
2025-05-24 05:00,8.10350152
2025-05-24 06:00,7.09323844
2025-05-24 07:00,7.12820771
2025-05-24 08:00,5.36253122
2025-05-24 09:00,5.53861167
2025-05-24 10:00,5.79329020
2025-05-24 11:00,4.07755508
2025-05-24 12:00,4.51231711
2025-05-24 13:00,6.31695247
2025-05-24 14:00,8.86163127
2025-05-24 15:00,10.51943079
2025-05-24 16:00,11.88035738
2025-05-24 17:00,16.38838241
2025-05-24 18:00,13.26144623
2025-05-24 19:00,16.82302390
2025-05-24 20:00,13.70223103
2025-05-24 21:00,11.11135145
2025-05-24 22:00,10.96421569
2025-05-24 23:00,11.91700240
2025-05-25 00:00,19.12686253
2025-05-25 01:00,18.10581835
2025-05-25 02:00,15.96844302
2025-05-25 03:00,10.24335236
2025-05-25 04:00,10.70311092
2025-05-25 05:00,9.11652601
2025-05-25 06:00,8.00172125
2025-05-25 07:00,7.01978857
2025-05-25 08:00,6.70335801
2025-05-25 09:00,3.63351161
2025-05-25 10:00,2.12214300
2025-05-25 11:00,3.40701993
2025-05-25 12:00,4.67163715
2025-05-25 13:00,5.55080025
2025-05-25 14:00,8.32627239
2025-05-25 15:00,8.58359169
2025-05-25 16:00,8.43487252
2025-05-25 17:00,6.13762709
2025-05-25 18:00,4.01589976
2025-05-25 19:00,0.66701502
2025-05-25 20:00,0.78448430
2025-05-25 21:00,0.57599253
2025-05-25 22:00,1.30144228
2025-05-25 23:00,1.88112173
2025-05-26 00:00,0.66350142
2025-05-26 01:00,2.77230901
2025-05-26 02:00,1.86683006
2025-05-26 03:00,1.55952271
2025-05-26 04:00,1.31346261
2025-05-26 05:00,0.83988597
2025-05-26 06:00,2.27179326
2025-05-26 07:00,1.69221338
2025-05-26 08:00,3.04841257
2025-05-26 09:00,5.62090637
2025-05-26 10:00,5.79025832
2025-05-26 11:00,9.58758330
2025-05-26 12:00,9.60279580
2025-05-26 13:00,10.61572198
2025-05-26 14:00,11.57565708
2025-05-26 15:00,12.52772213
2025-05-26 16:00,11.57813998
2025-05-26 17:00,10.89630904
2025-05-26 18:00,8.54035227
2025-05-26 19:00,8.55315614
2025-05-26 20:00,6.22771705
2025-05-26 21:00,9.52472316
2025-05-26 22:00,8.99057970
2025-05-26 23:00,11.02151660
2025-05-27 00:00,2.40895486
2025-05-27 01:00,3.10324171
2025-05-27 02:00,2.57657008
2025-05-27 03:00,2.61768120
2025-05-27 04:00,2.39068830
2025-05-27 05:00,1.98938947
2025-05-27 06:00,2.14998748
2025-05-27 07:00,1.42254826
2025-05-27 08:00,0.61079632
2025-05-27 09:00,0.53318678
2025-05-27 10:00,0.51266156
2025-05-27 11:00,2.26973309
2025-05-27 12:00,3.02762455
2025-05-27 13:00,3.61062338
2025-05-27 14:00,3.35000429
2025-05-27 15:00,3.36905682
2025-05-27 16:00,3.24559220
2025-05-27 17:00,2.99151365
2025-05-27 18:00,1.92670359
2025-05-27 19:00,0.94203756
2025-05-27 20:00,0.33677704
2025-05-27 21:00,0.10004905
2025-05-27 22:00,0.23543948
2025-05-27 23:00,0.71416648
2025-05-28 00:00,0.36179464
2025-05-28 01:00,0.55057745
2025-05-28 02:00,0.52162315
2025-05-28 03:00,0.73802542
2025-05-28 04:00,0.87289215
2025-05-28 05:00,1.23788154
2025-05-28 06:00,0.71809472
2025-05-28 07:00,0.57051202
2025-05-28 08:00,0.45680288
2025-05-28 09:00,0.50562986
2025-05-28 10:00,0.55593833
2025-05-28 11:00,1.05779991
2025-05-28 12:00,1.76383816
2025-05-28 13:00,4.99867302
2025-05-28 14:00,5.56206608
2025-05-28 15:00,6.33616022
2025-05-28 16:00,7.08529641
2025-05-28 17:00,6.82877348
2025-05-28 18:00,6.99446154
2025-05-28 19:00,6.40861970
2025-05-28 20:00,6.27998322
2025-05-28 21:00,6.33216994
2025-05-28 22:00,5.35094082
2025-05-28 23:00,5.07920349
2025-05-29 00:00,0.45125926
2025-05-29 01:00,1.59143109
2025-05-29 02:00,1.27464382
2025-05-29 03:00,1.73883537
2025-05-29 04:00,0.98019805
2025-05-29 05:00,1.44574118
2025-05-29 06:00,1.23052817
2025-05-29 07:00,0.85590087
2025-05-29 08:00,0.84143566
2025-05-29 09:00,1.48866734
2025-05-29 10:00,1.05775681
2025-05-29 11:00,2.46615169
2025-05-29 12:00,5.92979736
2025-05-29 13:00,9.13163205
2025-05-29 14:00,11.08089252
2025-05-29 15:00,14.19957081
2025-05-29 16:00,14.19245657
2025-05-29 17:00,11.54005789
2025-05-29 18:00,10.40216198
2025-05-29 19:00,4.84245937
2025-05-29 20:00,2.12758166
2025-05-29 21:00,1.52056964
2025-05-29 22:00,0.90015257
2025-05-29 23:00,0.89418848
2025-05-30 00:00,1.85036255
2025-05-30 01:00,1.75621902
2025-05-30 02:00,2.02737209
2025-05-30 03:00,1.46979779
2025-05-30 04:00,1.34732764
2025-05-30 05:00,1.27592809
2025-05-30 06:00,1.43247905
2025-05-30 07:00,0.33460326
2025-05-30 08:00,0.13172344
2025-05-30 09:00,0.59762952
2025-05-30 10:00,0.59174815
2025-05-30 11:00,1.96606308
2025-05-30 12:00,4.35453635
2025-05-30 13:00,5.74106290
2025-05-30 14:00,7.22639851
2025-05-30 15:00,6.41694946
2025-05-30 16:00,6.85676281
2025-05-30 17:00,6.43347188
2025-05-30 18:00,4.92373907
2025-05-30 19:00,4.82358832
2025-05-30 20:00,1.13832519
2025-05-30 21:00,1.25727861
2025-05-30 22:00,0.91197586
2025-05-30 23:00,0.97095733
2025-05-31 00:00,0.58647740
2025-05-31 01:00,0.69423464
2025-05-31 02:00,1.21831220
2025-05-31 03:00,0.77262580
2025-05-31 04:00,0.58559732
2025-05-31 05:00,0.29732360
2025-05-31 06:00,0.04097838
2025-05-31 07:00,0.27453939
2025-05-31 08:00,0.04731140
2025-05-31 09:00,0.17114769
2025-05-31 10:00,0.10617922
2025-05-31 11:00,0.08099166
2025-05-31 12:00,1.28937641
2025-05-31 13:00,3.26544930
2025-05-31 14:00,3.20754384
2025-05-31 15:00,4.11222237
2025-05-31 16:00,3.17847903
2025-05-31 17:00,2.33472682
2025-05-31 18:00,2.45560798
2025-05-31 19:00,2.85343892
2025-05-31 20:00,0.49357526
2025-05-31 21:00,0.02927583
2025-05-31 22:00,0.04219893
2025-05-31 23:00,0.00000000
2025-06-01 00:00,0.02323745
2025-06-01 01:00,0.34110613
2025-06-01 02:00,0.11767096
2025-06-01 03:00,0.03382458
2025-06-01 04:00,0.11717970
2025-06-01 05:00,0.18198837
2025-06-01 06:00,0.09940505
2025-06-01 07:00,0.66263382
2025-06-01 08:00,0.03598790
2025-06-01 09:00,0.04922773
2025-06-01 10:00,0.04539743
2025-06-01 11:00,0.17146937
2025-06-01 12:00,0.93814781
2025-06-01 13:00,1.38602163
2025-06-01 14:00,1.90193947
2025-06-01 15:00,2.66350845
2025-06-01 16:00,1.80750765
2025-06-01 17:00,1.29620581
2025-06-01 18:00,1.11531559
2025-06-01 19:00,0.79662192
2025-06-01 20:00,0.34543457
2025-06-01 21:00,0.43500474
2025-06-01 22:00,0.62872518
2025-06-01 23:00,0.55855099
2025-06-02 00:00,0.30295274
2025-06-02 01:00,0.04169105
2025-06-02 02:00,0.01701760
2025-06-02 03:00,0.09322914
2025-06-02 04:00,0.03753466
2025-06-02 05:00,0.00000000
2025-06-02 06:00,0.01277008
2025-06-02 07:00,0.03195209
2025-06-02 08:00,0.07182698
2025-06-02 09:00,0.00912423
2025-06-02 10:00,0.16120919
2025-06-02 11:00,0.63888868
2025-06-02 12:00,1.40136965
2025-06-02 13:00,0.69219550
2025-06-02 14:00,0.69675198
2025-06-02 15:00,1.51355537
2025-06-02 16:00,2.99562673
2025-06-02 17:00,5.73771045
2025-06-02 18:00,7.33745752
2025-06-02 19:00,5.65740248
2025-06-02 20:00,4.76627765
2025-06-02 21:00,4.77614132
2025-06-02 22:00,4.52369684
2025-06-02 23:00,7.48517167
2025-06-03 00:00,5.79507140
2025-06-03 01:00,6.13354475
2025-06-03 02:00,6.12566058
2025-06-03 03:00,5.76652175
2025-06-03 04:00,7.56354524
2025-06-03 05:00,8.17479661
2025-06-03 06:00,6.95389743
2025-06-03 07:00,8.81276414
2025-06-03 08:00,8.38222090
2025-06-03 09:00,8.01890997
2025-06-03 10:00,7.14111665
2025-06-03 11:00,6.25198298
2025-06-03 12:00,6.86479567
2025-06-03 13:00,9.96808201
2025-06-03 14:00,13.60859182
2025-06-03 15:00,11.09769666
2025-06-03 16:00,9.56602360
2025-06-03 17:00,7.31735191
2025-06-03 18:00,4.82123372
2025-06-03 19:00,4.36711476
2025-06-03 20:00,3.20313602
2025-06-03 21:00,4.21133357
2025-06-03 22:00,7.99068744
2025-06-03 23:00,8.32144443
2025-06-04 00:00,7.01456951
2025-06-04 01:00,8.18359687
2025-06-04 02:00,9.62461105
2025-06-04 03:00,10.10774407
2025-06-04 04:00,11.50106847
2025-06-04 05:00,14.94714593
2025-06-04 06:00,11.72826353
2025-06-04 07:00,10.55882962
2025-06-04 08:00,18.84396678
2025-06-04 09:00,16.34131546
2025-06-04 10:00,12.98012994
2025-06-04 11:00,11.72056882
2025-06-04 12:00,8.56384760
2025-06-04 13:00,8.62447090
2025-06-04 14:00,11.20544996
2025-06-04 15:00,12.30800580
2025-06-04 16:00,13.72980049
2025-06-04 17:00,11.22376565
2025-06-04 18:00,11.20921569
2025-06-04 19:00,8.78656687
2025-06-04 20:00,7.11425788
2025-06-04 21:00,5.37098112
2025-06-04 22:00,7.09526728
2025-06-04 23:00,6.11857805
2025-06-05 00:00,1.75382055
2025-06-05 01:00,1.94656560
2025-06-05 02:00,3.05446563
2025-06-05 03:00,2.79542979
2025-06-05 04:00,2.44856410
2025-06-05 05:00,3.07562937
2025-06-05 06:00,2.70340061
2025-06-05 07:00,0.88536891
2025-06-05 08:00,0.29466923
2025-06-05 09:00,0.34169315
2025-06-05 10:00,0.68143301
2025-06-05 11:00,1.69597165
2025-06-05 12:00,2.87620020
2025-06-05 13:00,4.39691911
2025-06-05 14:00,6.28608786
2025-06-05 15:00,6.87115948
2025-06-05 16:00,7.90869432
2025-06-05 17:00,10.81943758
2025-06-05 18:00,14.07271634
2025-06-05 19:00,10.05881974
2025-06-05 20:00,11.50574898
2025-06-05 21:00,16.42990026
2025-06-05 22:00,16.31988998
2025-06-05 23:00,17.05825001
2025-06-06 00:00,11.56332057
2025-06-06 01:00,13.50415398
2025-06-06 02:00,12.87208799
2025-06-06 03:00,13.11859085
2025-06-06 04:00,13.11544780
2025-06-06 05:00,13.73466657
2025-06-06 06:00,14.06757597
2025-06-06 07:00,12.60222096
2025-06-06 08:00,13.25457491
2025-06-06 09:00,16.72726052
2025-06-06 10:00,13.83143401
2025-06-06 11:00,13.07002347
2025-06-06 12:00,9.79373787
2025-06-06 13:00,8.37383876
2025-06-06 14:00,9.47535346
2025-06-06 15:00,11.82347410
2025-06-06 16:00,11.12976188
2025-06-06 17:00,14.96862486
2025-06-06 18:00,12.68785266
2025-06-06 19:00,8.77507053
2025-06-06 20:00,5.52093835
2025-06-06 21:00,3.15724658
2025-06-06 22:00,3.83461920
2025-06-06 23:00,5.80618292
2025-06-07 00:00,12.12850750
2025-06-07 01:00,8.86405431
2025-06-07 02:00,8.07533700
2025-06-07 03:00,11.00394982
2025-06-07 04:00,10.01943293
2025-06-07 05:00,7.92836515
2025-06-07 06:00,5.72800082
2025-06-07 07:00,5.25727458
2025-06-07 08:00,8.38558719
2025-06-07 09:00,9.78973552
2025-06-07 10:00,14.14616800
2025-06-07 11:00,14.61699649
2025-06-07 12:00,13.18958405
2025-06-07 13:00,12.47117070
2025-06-07 14:00,9.80832898
2025-06-07 15:00,8.29993377
2025-06-07 16:00,8.93197370
2025-06-07 17:00,9.48252092
2025-06-07 18:00,5.89620578
2025-06-07 19:00,3.31050355
2025-06-07 20:00,0.85445570
2025-06-07 21:00,0.36720752
2025-06-07 22:00,0.55097710
2025-06-07 23:00,0.31483704
2025-06-08 00:00,0.06181151
2025-06-08 01:00,0.03425079
2025-06-08 02:00,0.00991327
2025-06-08 03:00,0.09006946
2025-06-08 04:00,0.01649917
2025-06-08 05:00,0.32857407
2025-06-08 06:00,1.29489060
2025-06-08 07:00,0.18770629
2025-06-08 08:00,0.08581313
2025-06-08 09:00,0.16400783
2025-06-08 10:00,0.13362984
2025-06-08 11:00,0.21696062
2025-06-08 12:00,0.29034361
2025-06-08 13:00,0.46411263
2025-06-08 14:00,2.29110964
2025-06-08 15:00,3.87334517
2025-06-08 16:00,2.96994134
2025-06-08 17:00,1.74585823
2025-06-08 18:00,2.09525819
2025-06-08 19:00,1.63106843
2025-06-08 20:00,0.56738494
2025-06-08 21:00,0.09309430
2025-06-08 22:00,0.16095620
2025-06-08 23:00,0.32542922
2025-06-09 00:00,0.42556424
2025-06-09 01:00,0.35435656
2025-06-09 02:00,0.15708700
2025-06-09 03:00,0.29227672
2025-06-09 04:00,0.34898378
2025-06-09 05:00,1.33366251
2025-06-09 06:00,1.09882963
2025-06-09 07:00,1.05403914
2025-06-09 08:00,1.41981072
2025-06-09 09:00,1.33732753
2025-06-09 10:00,0.13441866
2025-06-09 11:00,0.50674952
2025-06-09 12:00,0.92657502
2025-06-09 13:00,1.44184291
2025-06-09 14:00,2.41628721
2025-06-09 15:00,3.52037760
2025-06-09 16:00,4.36397766
2025-06-09 17:00,3.18383387
2025-06-09 18:00,2.66870857
2025-06-09 19:00,0.97629778
2025-06-09 20:00,0.22947573
2025-06-09 21:00,0.59911919
2025-06-09 22:00,0.56860128
2025-06-09 23:00,0.86905368
2025-06-10 00:00,1.12022170
2025-06-10 01:00,1.08028688
2025-06-10 02:00,2.61044754
2025-06-10 03:00,8.13894434
2025-06-10 04:00,12.73160566
2025-06-10 05:00,15.63258159
2025-06-10 06:00,5.37209904
2025-06-10 07:00,4.76473644
2025-06-10 08:00,3.54551848
2025-06-10 09:00,2.52498839
2025-06-10 10:00,2.53664565
2025-06-10 11:00,2.87640688
2025-06-10 12:00,3.45596408
2025-06-10 13:00,6.68730321
2025-06-10 14:00,5.88288165
2025-06-10 15:00,5.71811870
2025-06-10 16:00,5.73668594
2025-06-10 17:00,4.93718506
2025-06-10 18:00,3.89746790
2025-06-10 19:00,2.25134193
2025-06-10 20:00,2.14493495
2025-06-10 21:00,4.18465942
2025-06-10 22:00,3.69561047
2025-06-10 23:00,4.29290311
2025-06-11 00:00,3.11569919
2025-06-11 01:00,4.91252132
2025-06-11 02:00,5.54233594
2025-06-11 03:00,5.52596650
2025-06-11 04:00,3.19964952
2025-06-11 05:00,3.80549993
2025-06-11 06:00,3.65970683
2025-06-11 07:00,3.51865430
2025-06-11 08:00,3.35363342
2025-06-11 09:00,3.27983041
2025-06-11 10:00,3.65715630
2025-06-11 11:00,5.86835228
2025-06-11 12:00,5.60015910
2025-06-11 13:00,5.82873732
2025-06-11 14:00,7.48417731
2025-06-11 15:00,11.27588053
2025-06-11 16:00,11.85881151
2025-06-11 17:00,10.69175685
2025-06-11 18:00,8.76379295
2025-06-11 19:00,4.56578809
2025-06-11 20:00,4.26628423
2025-06-11 21:00,2.13260851
2025-06-11 22:00,1.49845269
2025-06-11 23:00,1.41620349
2025-06-12 00:00,1.06595849
2025-06-12 01:00,0.80482874
2025-06-12 02:00,0.14025479
2025-06-12 03:00,0.24838558
2025-06-12 04:00,0.16842421
2025-06-12 05:00,0.14048216
2025-06-12 06:00,1.19890093
2025-06-12 07:00,0.06067698
2025-06-12 08:00,0.17388628
2025-06-12 09:00,0.08754371
2025-06-12 10:00,0.02838288
2025-06-12 11:00,0.04983811
2025-06-12 12:00,0.17818157
2025-06-12 13:00,0.29313387
2025-06-12 14:00,0.45612828
2025-06-12 15:00,0.95242015
2025-06-12 16:00,2.62573441
2025-06-12 17:00,4.42866710
2025-06-12 18:00,5.41788413
2025-06-12 19:00,2.96977025
2025-06-12 20:00,1.63476919
2025-06-12 21:00,0.65518144
2025-06-12 22:00,0.45398745
2025-06-12 23:00,0.43433614
2025-06-13 00:00,0.33439653
2025-06-13 01:00,0.23769765
2025-06-13 02:00,0.16720381
2025-06-13 03:00,0.29156320
2025-06-13 04:00,0.36020689
2025-06-13 05:00,0.49053621
2025-06-13 06:00,2.22871258
2025-06-13 07:00,1.68755334
2025-06-13 08:00,0.51799901
2025-06-13 09:00,0.40566064
2025-06-13 10:00,1.37424451
2025-06-13 11:00,1.16574827
2025-06-13 12:00,1.17498790
2025-06-13 13:00,1.09195110
2025-06-13 14:00,1.75850514
2025-06-13 15:00,4.11523954
2025-06-13 16:00,5.05180632
2025-06-13 17:00,2.20469499
2025-06-13 18:00,3.88643064
2025-06-13 19:00,4.36639585
2025-06-13 20:00,5.26474136
2025-06-13 21:00,7.08109631
2025-06-13 22:00,9.08534711
2025-06-13 23:00,14.20234882
2025-06-14 00:00,15.11782524
2025-06-14 01:00,19.16489826
2025-06-14 02:00,19.14788866
2025-06-14 03:00,22.38268919
2025-06-14 04:00,23.95241857
2025-06-14 05:00,27.13624413
2025-06-14 06:00,24.18293895
2025-06-14 07:00,22.80254937
2025-06-14 08:00,21.42329626
2025-06-14 09:00,23.74043529
2025-06-14 10:00,28.23529623
2025-06-14 11:00,21.91899167
2025-06-14 12:00,21.63417952
2025-06-14 13:00,18.01045718
2025-06-14 14:00,15.91557601
2025-06-14 15:00,19.52048632
2025-06-14 16:00,14.82553792
2025-06-14 17:00,13.75575712
2025-06-14 18:00,8.36706439
2025-06-14 19:00,8.42873297
2025-06-14 20:00,5.14470739
2025-06-14 21:00,3.05932936
2025-06-14 22:00,2.63366572
2025-06-14 23:00,2.04337638
2025-06-15 00:00,1.81568253
2025-06-15 01:00,1.08714904
2025-06-15 02:00,1.28289627
2025-06-15 03:00,1.04548034
2025-06-15 04:00,2.83851167
2025-06-15 05:00,3.39045304
2025-06-15 06:00,3.73883573
2025-06-15 07:00,3.53042608
2025-06-15 08:00,6.64169143
2025-06-15 09:00,4.79283334
2025-06-15 10:00,3.34350981
2025-06-15 11:00,9.62677976
2025-06-15 12:00,20.36278060
2025-06-15 13:00,13.51819845
2025-06-15 14:00,14.65745795
2025-06-15 15:00,23.60245873
2025-06-15 16:00,33.04178374
2025-06-15 17:00,31.47202421
2025-06-15 18:00,33.24352898
2025-06-15 19:00,36.26437912
2025-06-15 20:00,38.90353693
2025-06-15 21:00,32.95580375
2025-06-15 22:00,33.60626902
2025-06-15 23:00,26.63590070
2025-06-16 00:00,39.44346479
2025-06-16 01:00,38.52341829
2025-06-16 02:00,40.58015734
2025-06-16 03:00,43.25115761
2025-06-16 04:00,38.05100874
2025-06-16 05:00,30.81485336
2025-06-16 06:00,27.45097576
2025-06-16 07:00,27.61238123
2025-06-16 08:00,35.97322901
2025-06-16 09:00,28.53167765
2025-06-16 10:00,27.13976412
2025-06-16 11:00,36.43180663
2025-06-16 12:00,39.98537151
2025-06-16 13:00,38.59892862
2025-06-16 14:00,39.32337300
2025-06-16 15:00,41.14357074
2025-06-16 16:00,42.19488285
2025-06-16 17:00,42.37507749
2025-06-16 18:00,44.28039433
2025-06-16 19:00,43.08452340
2025-06-16 20:00,43.34212977
2025-06-16 21:00,43.89003633
2025-06-16 22:00,41.03684841
2025-06-16 23:00,37.95910086
2025-06-17 00:00,37.96112032
2025-06-17 01:00,40.24937880
2025-06-17 02:00,42.10803545
2025-06-17 03:00,44.55129027
2025-06-17 04:00,47.01061082
2025-06-17 05:00,46.73828288
2025-06-17 06:00,43.42608452
2025-06-17 07:00,45.36205448
2025-06-17 08:00,43.19626232
2025-06-17 09:00,40.55364206
2025-06-17 10:00,40.09685372
2025-06-17 11:00,41.38186567
2025-06-17 12:00,37.83483559
2025-06-17 13:00,35.67221909
2025-06-17 14:00,38.30579751
2025-06-17 15:00,36.21735735
2025-06-17 16:00,36.83748941
2025-06-17 17:00,37.52125728
2025-06-17 18:00,34.27008506
2025-06-17 19:00,31.23185759
2025-06-17 20:00,27.40606471
2025-06-17 21:00,25.70776740
2025-06-17 22:00,20.25765672
2025-06-17 23:00,18.72511340
2025-06-18 00:00,15.16047775
2025-06-18 01:00,12.67737543
2025-06-18 02:00,13.54428892
2025-06-18 03:00,16.36223502
2025-06-18 04:00,9.44581265
2025-06-18 05:00,6.51359300
2025-06-18 06:00,2.17032172
2025-06-18 07:00,2.08138380
2025-06-18 08:00,0.43699061
2025-06-18 09:00,0.13081671
2025-06-18 10:00,0.04144498
2025-06-18 11:00,0.04136822
2025-06-18 12:00,0.09650416
2025-06-18 13:00,0.55468121
2025-06-18 14:00,0.81592476
2025-06-18 15:00,1.42393858
2025-06-18 16:00,1.75882298
2025-06-18 17:00,0.93786585
2025-06-18 18:00,0.58676166
2025-06-18 19:00,1.16911000
2025-06-18 20:00,0.87401077
2025-06-18 21:00,1.06183079
2025-06-18 22:00,1.65681303
2025-06-18 23:00,2.87888090
2025-06-19 00:00,4.94129733
2025-06-19 01:00,5.92900516
2025-06-19 02:00,4.04187297
2025-06-19 03:00,4.69364159
2025-06-19 04:00,3.56143491
2025-06-19 05:00,1.89408261
2025-06-19 06:00,3.02777144
2025-06-19 07:00,2.70439961
2025-06-19 08:00,2.23175203
2025-06-19 09:00,2.28652541
2025-06-19 10:00,2.00126926
2025-06-19 11:00,3.84704670
2025-06-19 12:00,4.08474873
2025-06-19 13:00,7.13767806
2025-06-19 14:00,5.83014613
2025-06-19 15:00,8.82107742
2025-06-19 16:00,12.04562930
2025-06-19 17:00,13.17206749
2025-06-19 18:00,12.64458764
2025-06-19 19:00,17.83540464
2025-06-19 20:00,22.15494110
2025-06-19 21:00,21.07824887
2025-06-19 22:00,23.11074579
2025-06-19 23:00,20.40269445
2025-06-20 00:00,37.98695707
2025-06-20 01:00,37.24761154
2025-06-20 02:00,39.86920303
2025-06-20 03:00,36.90363442
2025-06-20 04:00,35.86283989
2025-06-20 05:00,39.27003018
2025-06-20 06:00,43.92203971
2025-06-20 07:00,48.46038819
2025-06-20 08:00,48.27674514
2025-06-20 09:00,49.30426753
2025-06-20 10:00,50.38614310
2025-06-20 11:00,49.93342428
2025-06-20 12:00,48.40721442
2025-06-20 13:00,49.60561160
2025-06-20 14:00,49.37870904
2025-06-20 15:00,49.91308261
2025-06-20 16:00,51.46969655
2025-06-20 17:00,50.15258433
2025-06-20 18:00,50.39300223
2025-06-20 19:00,50.64212536
2025-06-20 20:00,50.65124875
2025-06-20 21:00,48.35943346
2025-06-20 22:00,50.11771463
2025-06-20 23:00,50.33739878
2025-06-21 00:00,48.35511083
2025-06-21 01:00,48.74991942
2025-06-21 02:00,48.70641029
2025-06-21 03:00,45.49259970
2025-06-21 04:00,42.62494910
2025-06-21 05:00,39.29579194
2025-06-21 06:00,38.65769320
2025-06-21 07:00,38.23937848
2025-06-21 08:00,41.35725757
2025-06-21 09:00,34.98322069
2025-06-21 10:00,40.84825397
2025-06-21 11:00,39.20614672
2025-06-21 12:00,34.87434340
2025-06-21 13:00,34.95238182
2025-06-21 14:00,40.17557927
2025-06-21 15:00,46.80309418
2025-06-21 16:00,41.18004349
2025-06-21 17:00,28.81403317
2025-06-21 18:00,16.88069967
2025-06-21 19:00,8.35534750
2025-06-21 20:00,5.97255122
2025-06-21 21:00,3.14133606
2025-06-21 22:00,1.71656161
2025-06-21 23:00,1.50287910
2025-06-22 00:00,0.92140828
2025-06-22 01:00,0.41070132
2025-06-22 02:00,0.73488369
2025-06-22 03:00,0.77542765
2025-06-22 04:00,0.38618035
2025-06-22 05:00,0.37349529
2025-06-22 06:00,0.86624455
2025-06-22 07:00,0.44128885
2025-06-22 08:00,0.15325347
2025-06-22 09:00,0.06347080
2025-06-22 10:00,0.11176846
2025-06-22 11:00,0.39596372
2025-06-22 12:00,1.40812469
2025-06-22 13:00,1.13799752
2025-06-22 14:00,1.29524145
2025-06-22 15:00,1.84504313
2025-06-22 16:00,2.02708627
2025-06-22 17:00,2.23033562
2025-06-22 18:00,1.51715397
2025-06-22 19:00,0.57284834
2025-06-22 20:00,0.55647328
2025-06-22 21:00,0.34400817
2025-06-22 22:00,0.25962013
2025-06-22 23:00,0.24964229
2025-06-23 00:00,0.00000000
2025-06-23 01:00,0.01838947
2025-06-23 02:00,0.21768798
2025-06-23 03:00,0.38596749
2025-06-23 04:00,0.20164848
2025-06-23 05:00,1.21774637
2025-06-23 06:00,0.73030968
2025-06-23 07:00,0.17933765
2025-06-23 08:00,0.01571335
2025-06-23 09:00,0.15407122
2025-06-23 10:00,0.95186299
2025-06-23 11:00,2.19695773
2025-06-23 12:00,2.87645969
2025-06-23 13:00,2.90446604
2025-06-23 14:00,1.39711206
2025-06-23 15:00,1.74329053
2025-06-23 16:00,3.84585330
2025-06-23 17:00,2.59205392
2025-06-23 18:00,3.19610119
2025-06-23 19:00,1.27712560
2025-06-23 20:00,1.40891853
2025-06-23 21:00,1.74872887
2025-06-23 22:00,1.79385941
2025-06-23 23:00,1.40437584
2025-06-24 00:00,1.98179807
2025-06-24 01:00,1.02276126
2025-06-24 02:00,1.08586875
2025-06-24 03:00,0.84433100
2025-06-24 04:00,2.31321403
2025-06-24 05:00,3.94090788
2025-06-24 06:00,2.08270973
2025-06-24 07:00,1.85124229
2025-06-24 08:00,1.28336932
2025-06-24 09:00,1.31063023
2025-06-24 10:00,1.42421866
2025-06-24 11:00,0.80962182
2025-06-24 12:00,0.60632887
2025-06-24 13:00,0.93405423
2025-06-24 14:00,0.32299164
2025-06-24 15:00,0.09055998
2025-06-24 16:00,0.14422634
2025-06-24 17:00,0.13668065
2025-06-24 18:00,0.15499600
2025-06-24 19:00,0.42266473
2025-06-24 20:00,0.09352575
2025-06-24 21:00,0.33434656
2025-06-24 22:00,0.75197384
2025-06-24 23:00,0.14054850
2025-06-25 00:00,1.35945911
2025-06-25 01:00,0.84292210
2025-06-25 02:00,1.08239045
2025-06-25 03:00,1.59332984
2025-06-25 04:00,1.28125147
2025-06-25 05:00,2.57199872
2025-06-25 06:00,3.21617250
2025-06-25 07:00,4.66443173
2025-06-25 08:00,5.88422906
2025-06-25 09:00,6.47119634
2025-06-25 10:00,5.14023936
2025-06-25 11:00,4.82140332
2025-06-25 12:00,8.77026709
2025-06-25 13:00,9.29948505
2025-06-25 14:00,7.64121490
2025-06-25 15:00,9.21536103
2025-06-25 16:00,15.28075963
2025-06-25 17:00,20.80311519
2025-06-25 18:00,21.26904546
2025-06-25 19:00,17.11662648
2025-06-25 20:00,16.12287395
2025-06-25 21:00,14.91010784
2025-06-25 22:00,12.27998293
2025-06-25 23:00,12.25198733
2025-06-26 00:00,10.58437514
2025-06-26 01:00,7.78375268
2025-06-26 02:00,3.63129048
2025-06-26 03:00,5.67585577
2025-06-26 04:00,5.54456757
2025-06-26 05:00,2.00874950
2025-06-26 06:00,1.94486047
2025-06-26 07:00,1.60695987
2025-06-26 08:00,0.54780159
2025-06-26 09:00,0.19663338
2025-06-26 10:00,0.09739025
2025-06-26 11:00,0.26827730
2025-06-26 12:00,0.14433295
2025-06-26 13:00,0.88674781
2025-06-26 14:00,1.08056026
2025-06-26 15:00,1.20395058
2025-06-26 16:00,0.69679268
2025-06-26 17:00,0.61448756
2025-06-26 18:00,0.93178827
2025-06-26 19:00,0.83465094
2025-06-26 20:00,0.29018514
2025-06-26 21:00,0.08955692
2025-06-26 22:00,0.20795453
2025-06-26 23:00,0.23025053
2025-06-27 00:00,1.07363629
2025-06-27 01:00,0.26106891
2025-06-27 02:00,0.02265831
2025-06-27 03:00,0.17963842
2025-06-27 04:00,0.32056080
2025-06-27 05:00,0.17805855
2025-06-27 06:00,0.06681788
2025-06-27 07:00,0.08720401
2025-06-27 08:00,0.05500128
2025-06-27 09:00,0.18536160
2025-06-27 10:00,0.39131983
2025-06-27 11:00,0.73363400
2025-06-27 12:00,0.75559188
2025-06-27 13:00,0.59984252
2025-06-27 14:00,0.00253779
2025-06-27 15:00,0.07026125
2025-06-27 16:00,0.51162400
2025-06-27 17:00,0.31077399
2025-06-27 18:00,0.53906822
2025-06-27 19:00,1.48152135
2025-06-27 20:00,2.45001404
2025-06-27 21:00,3.68450388
2025-06-27 22:00,1.99197729
2025-06-27 23:00,2.42857410
2025-06-28 00:00,10.23006583
2025-06-28 01:00,6.71399964
2025-06-28 02:00,4.92179564
2025-06-28 03:00,3.48393935
2025-06-28 04:00,2.72230944
2025-06-28 05:00,3.30234865
2025-06-28 06:00,3.87425721
2025-06-28 07:00,4.79658125
2025-06-28 08:00,3.78529443
2025-06-28 09:00,5.51709457
2025-06-28 10:00,5.03636352
2025-06-28 11:00,6.09352061
2025-06-28 12:00,9.09433545
2025-06-28 13:00,7.03299175
2025-06-28 14:00,6.37367047
2025-06-28 15:00,6.98107003
2025-06-28 16:00,12.63655918
2025-06-28 17:00,14.88376976
2025-06-28 18:00,13.26586896
2025-06-28 19:00,9.52264846
2025-06-28 20:00,5.68876557
2025-06-28 21:00,7.89064492
2025-06-28 22:00,5.91858719
2025-06-28 23:00,3.80657047
2025-06-29 00:00,8.16017521
2025-06-29 01:00,6.68741522
2025-06-29 02:00,10.71381409
2025-06-29 03:00,9.20208952
2025-06-29 04:00,3.63442504
2025-06-29 05:00,2.87509144
2025-06-29 06:00,1.11991765
2025-06-29 07:00,1.62628964
2025-06-29 08:00,2.11129780
2025-06-29 09:00,3.25675157
2025-06-29 10:00,5.59131703
2025-06-29 11:00,8.02432340
2025-06-29 12:00,6.08376305
2025-06-29 13:00,7.53109170
2025-06-29 14:00,8.90635582
2025-06-29 15:00,10.54062955
2025-06-29 16:00,12.74528914
2025-06-29 17:00,14.67598090
2025-06-29 18:00,15.30999486
2025-06-29 19:00,11.43981606
2025-06-29 20:00,4.92100615
2025-06-29 21:00,4.77265543
2025-06-29 22:00,1.73206712
2025-06-29 23:00,1.83012000
2025-06-30 00:00,1.33042503
2025-06-30 01:00,1.59454013
2025-06-30 02:00,0.51916781
2025-06-30 03:00,0.19891944
2025-06-30 04:00,0.09571733
2025-06-30 05:00,0.00000000
2025-06-30 06:00,0.12609907
2025-06-30 07:00,0.00283209
2025-06-30 08:00,0.19692893
2025-06-30 09:00,0.10071745
2025-06-30 10:00,0.31834333
2025-06-30 11:00,1.40323604
2025-06-30 12:00,3.11161080
2025-06-30 13:00,2.48418431
2025-06-30 14:00,3.23276648
2025-06-30 15:00,4.03711996
2025-06-30 16:00,5.79278603
2025-06-30 17:00,5.84971695
2025-06-30 18:00,3.14506361
2025-06-30 19:00,2.14351139
2025-06-30 20:00,1.63184515
2025-06-30 21:00,0.27286647
2025-06-30 22:00,0.14581094
2025-06-30 23:00,0.18610574
2025-07-01 00:00,0.98137993
2025-07-01 01:00,1.31181875
2025-07-01 02:00,0.81237702
2025-07-01 03:00,0.98679473
2025-07-01 04:00,2.29273281
2025-07-01 05:00,2.37389797
2025-07-01 06:00,1.42579137
2025-07-01 07:00,1.80369277
2025-07-01 08:00,2.50495514
2025-07-01 09:00,5.57917862
2025-07-01 10:00,3.43151583
2025-07-01 11:00,3.92394261
2025-07-01 12:00,3.60065687
2025-07-01 13:00,4.44035038
2025-07-01 14:00,5.30893102
2025-07-01 15:00,4.88021844
2025-07-01 16:00,4.95159166
2025-07-01 17:00,4.36121599
2025-07-01 18:00,4.27445941
2025-07-01 19:00,4.22397306
2025-07-01 20:00,1.96132701
2025-07-01 21:00,1.37440214
2025-07-01 22:00,0.50217108
2025-07-01 23:00,0.48931791
2025-07-02 00:00,6.82099351
2025-07-02 01:00,8.78126460
2025-07-02 02:00,6.85758618
2025-07-02 03:00,5.10169314
2025-07-02 04:00,4.65356574
2025-07-02 05:00,4.82143785
2025-07-02 06:00,4.03550642
2025-07-02 07:00,5.54395239
2025-07-02 08:00,9.23941498
2025-07-02 09:00,8.14008610
2025-07-02 10:00,7.50444185
2025-07-02 11:00,7.60438531
2025-07-02 12:00,8.56981349
2025-07-02 13:00,8.62512380
2025-07-02 14:00,7.31668225
2025-07-02 15:00,7.82664544
2025-07-02 16:00,7.87154785
2025-07-02 17:00,6.94561633
2025-07-02 18:00,7.26010577
2025-07-02 19:00,7.00390698
2025-07-02 20:00,3.76928015
2025-07-02 21:00,3.70133326
2025-07-02 22:00,3.77659217
2025-07-02 23:00,5.64547831
2025-07-03 00:00,4.03200454
2025-07-03 01:00,4.88378463
2025-07-03 02:00,4.31512340
2025-07-03 03:00,3.95396494
2025-07-03 04:00,9.44611170
2025-07-03 05:00,8.79386333
2025-07-03 06:00,9.18716838
2025-07-03 07:00,9.27444110
2025-07-03 08:00,10.70049756
2025-07-03 09:00,6.29991803
2025-07-03 10:00,6.33599734
2025-07-03 11:00,7.03100293
2025-07-03 12:00,6.04135613
2025-07-03 13:00,5.20887411
2025-07-03 14:00,6.14381418
2025-07-03 15:00,7.18143537
2025-07-03 16:00,8.40380725
2025-07-03 17:00,9.40413178
2025-07-03 18:00,10.87872803
2025-07-03 19:00,14.01765787
2025-07-03 20:00,10.60084411
2025-07-03 21:00,7.87669516
2025-07-03 22:00,9.44969915
2025-07-03 23:00,5.05985996
2025-07-04 00:00,16.73832265
2025-07-04 01:00,23.51355140
2025-07-04 02:00,27.12197588
2025-07-04 03:00,25.53014642
2025-07-04 04:00,31.91220244
2025-07-04 05:00,32.27337039
2025-07-04 06:00,26.35553888
2025-07-04 07:00,28.33152680
2025-07-04 08:00,31.29736967
2025-07-04 09:00,25.75670222
2025-07-04 10:00,21.65923952
2025-07-04 11:00,21.88147391
2025-07-04 12:00,22.20819740
2025-07-04 13:00,22.39797286
2025-07-04 14:00,16.63708950
2025-07-04 15:00,20.38788782
2025-07-04 16:00,25.21611134
2025-07-04 17:00,26.04736988
2025-07-04 18:00,26.21986947
2025-07-04 19:00,24.45541342
2025-07-04 20:00,24.03461877
2025-07-04 21:00,26.92315230
2025-07-04 22:00,22.68873137
2025-07-04 23:00,16.71713153
2025-07-05 00:00,12.39574591
2025-07-05 01:00,13.09625042
2025-07-05 02:00,14.60066121
2025-07-05 03:00,17.12372574
2025-07-05 04:00,15.58352306
2025-07-05 05:00,12.63194580
2025-07-05 06:00,14.94485742
2025-07-05 07:00,20.62182849
2025-07-05 08:00,20.14116390
2025-07-05 09:00,17.43285698
2025-07-05 10:00,14.62819798
2025-07-05 11:00,12.60004900
2025-07-05 12:00,12.30589827
2025-07-05 13:00,12.45288399
2025-07-05 14:00,12.25850939
2025-07-05 15:00,11.87249266
2025-07-05 16:00,13.98465906
2025-07-05 17:00,14.73057496
2025-07-05 18:00,16.80707736
2025-07-05 19:00,19.94529816
2025-07-05 20:00,18.03951626
2025-07-05 21:00,10.19911276
2025-07-05 22:00,9.01355100
2025-07-05 23:00,13.17004571
2025-07-06 00:00,11.69686300
2025-07-06 01:00,11.06150819
2025-07-06 02:00,12.61990454
2025-07-06 03:00,14.11354367
2025-07-06 04:00,9.15752205
2025-07-06 05:00,8.22410657
2025-07-06 06:00,7.41023992
2025-07-06 07:00,8.38569577
2025-07-06 08:00,6.94466485
2025-07-06 09:00,5.45484270
2025-07-06 10:00,4.30148818
2025-07-06 11:00,4.58787857
2025-07-06 12:00,4.85325857
2025-07-06 13:00,5.82367990
2025-07-06 14:00,6.05739853
2025-07-06 15:00,6.24484924
2025-07-06 16:00,7.41318766
2025-07-06 17:00,9.52526261
2025-07-06 18:00,10.66070764
2025-07-06 19:00,9.55777047
2025-07-06 20:00,6.37405931
2025-07-06 21:00,8.35538851
2025-07-06 22:00,9.99311092
2025-07-06 23:00,11.67871015
2025-07-07 00:00,4.00798404
2025-07-07 01:00,3.27581883
2025-07-07 02:00,2.48893075
2025-07-07 03:00,2.58663101
2025-07-07 04:00,1.57619662
2025-07-07 05:00,0.96573889
2025-07-07 06:00,0.54023854
2025-07-07 07:00,0.04358451
2025-07-07 08:00,0.00577082
2025-07-07 09:00,0.02381761
2025-07-07 10:00,0.07700135
2025-07-07 11:00,0.15776126
2025-07-07 12:00,0.26896051
2025-07-07 13:00,1.38474955
2025-07-07 14:00,1.52628752
2025-07-07 15:00,2.23511937
2025-07-07 16:00,1.98486582
2025-07-07 17:00,1.65119703
2025-07-07 18:00,1.45650542
2025-07-07 19:00,2.86030653
2025-07-07 20:00,2.35142253
2025-07-07 21:00,0.52152892
2025-07-07 22:00,0.19660378
2025-07-07 23:00,0.56511196
2025-07-08 00:00,0.30763284
2025-07-08 01:00,1.06237446
2025-07-08 02:00,0.66048699
2025-07-08 03:00,2.30335195
2025-07-08 04:00,0.58246160
2025-07-08 05:00,0.37214496
2025-07-08 06:00,0.40015455
2025-07-08 07:00,0.13475751
2025-07-08 08:00,0.01145937
2025-07-08 09:00,0.20178536
2025-07-08 10:00,0.01144166
2025-07-08 11:00,0.27188662
2025-07-08 12:00,0.13140539
2025-07-08 13:00,1.62429023
2025-07-08 14:00,6.02464099
2025-07-08 15:00,1.88301310
2025-07-08 16:00,3.07140816
2025-07-08 17:00,4.68500028
2025-07-08 18:00,6.89083523
2025-07-08 19:00,5.01380513
2025-07-08 20:00,1.57515606
2025-07-08 21:00,4.59735873
2025-07-08 22:00,2.34274883
2025-07-08 23:00,0.85169340
2025-07-09 00:00,0.64645706
2025-07-09 01:00,0.85696375
2025-07-09 02:00,0.85987954
2025-07-09 03:00,0.79999593
2025-07-09 04:00,0.67754770
2025-07-09 05:00,0.83240145
2025-07-09 06:00,1.97411558
2025-07-09 07:00,0.76256319
2025-07-09 08:00,0.87388369
2025-07-09 09:00,0.76749758
2025-07-09 10:00,1.06502756
2025-07-09 11:00,0.91768097
2025-07-09 12:00,0.88249653
2025-07-09 13:00,2.54584753
2025-07-09 14:00,3.26870763
2025-07-09 15:00,3.42512950
2025-07-09 16:00,3.26189193
2025-07-09 17:00,2.73147635
2025-07-09 18:00,2.28141818
2025-07-09 19:00,2.33132026
2025-07-09 20:00,0.94233722
2025-07-09 21:00,0.56570721
2025-07-09 22:00,0.58116904
2025-07-09 23:00,0.93217059
2025-07-10 00:00,1.37900336
2025-07-10 01:00,1.40945148
2025-07-10 02:00,1.76056706
2025-07-10 03:00,0.73626598
2025-07-10 04:00,1.60353208
2025-07-10 05:00,4.29197374
2025-07-10 06:00,4.58606630
2025-07-10 07:00,3.00807840
2025-07-10 08:00,2.44113470
2025-07-10 09:00,2.71730207
2025-07-10 10:00,3.61314554
2025-07-10 11:00,3.42500247
2025-07-10 12:00,3.49570736
2025-07-10 13:00,4.40896690
2025-07-10 14:00,8.66775309
2025-07-10 15:00,9.73896633
2025-07-10 16:00,10.62768883
2025-07-10 17:00,9.72901324
2025-07-10 18:00,9.88568540
2025-07-10 19:00,6.77079071
2025-07-10 20:00,5.31554078
2025-07-10 21:00,5.93099193
2025-07-10 22:00,4.67049033
2025-07-10 23:00,5.32662354
2025-07-11 00:00,4.65584525
2025-07-11 01:00,5.76951573
2025-07-11 02:00,5.97798285
2025-07-11 03:00,6.00323351
2025-07-11 04:00,6.45127771
2025-07-11 05:00,9.73377927
2025-07-11 06:00,8.06863619
2025-07-11 07:00,7.75776961
2025-07-11 08:00,6.98468578
2025-07-11 09:00,7.07749213
2025-07-11 10:00,4.23964651
2025-07-11 11:00,2.61446466
2025-07-11 12:00,3.91374580
2025-07-11 13:00,3.39933771
2025-07-11 14:00,2.25458504
2025-07-11 15:00,4.16287960
2025-07-11 16:00,8.47086783
2025-07-11 17:00,9.37813495
2025-07-11 18:00,6.85261206
2025-07-11 19:00,7.81111194
2025-07-11 20:00,6.36184701
2025-07-11 21:00,6.76202278
2025-07-11 22:00,6.58595676
2025-07-11 23:00,5.32829661
2025-07-12 00:00,1.63097052
2025-07-12 01:00,1.27393895
2025-07-12 02:00,2.32334431
2025-07-12 03:00,3.91226761
2025-07-12 04:00,4.39764385
2025-07-12 05:00,4.92044011
2025-07-12 06:00,3.85872575
2025-07-12 07:00,2.70506649
2025-07-12 08:00,0.53501724
2025-07-12 09:00,0.13846919
2025-07-12 10:00,0.09218561
2025-07-12 11:00,0.09639135
2025-07-12 12:00,0.02300718
2025-07-12 13:00,0.13363607
2025-07-12 14:00,0.57113571
2025-07-12 15:00,1.96904302
2025-07-12 16:00,1.95654540
2025-07-12 17:00,1.46239144
2025-07-12 18:00,0.75911624
2025-07-12 19:00,0.16719393
2025-07-12 20:00,0.15436949
2025-07-12 21:00,0.16980528
2025-07-12 22:00,0.10590207
2025-07-12 23:00,0.29472933
2025-07-13 00:00,0.09903072
2025-07-13 01:00,0.00568112
2025-07-13 02:00,0.05249137
2025-07-13 03:00,0.03394170
2025-07-13 04:00,0.04069564
2025-07-13 05:00,0.03603756
2025-07-13 06:00,0.02074379
2025-07-13 07:00,0.05007500
2025-07-13 08:00,0.01562466
2025-07-13 09:00,0.01105249
2025-07-13 10:00,0.07892063
2025-07-13 11:00,0.17754521
2025-07-13 12:00,0.07914840
2025-07-13 13:00,0.99779010
2025-07-13 14:00,0.12634063
2025-07-13 15:00,0.03155021
2025-07-13 16:00,0.22458763
2025-07-13 17:00,0.22027451
2025-07-13 18:00,0.18922094
2025-07-13 19:00,0.22150104
2025-07-13 20:00,1.27318952
2025-07-13 21:00,0.16194311
2025-07-13 22:00,0.17946351
2025-07-13 23:00,0.92815195
2025-07-14 00:00,4.33859476
2025-07-14 01:00,3.48688493
2025-07-14 02:00,2.63615770
2025-07-14 03:00,2.25370367
2025-07-14 04:00,1.91178819
2025-07-14 05:00,1.59186620
2025-07-14 06:00,1.96782122
2025-07-14 07:00,1.45044737
2025-07-14 08:00,2.08262715
2025-07-14 09:00,3.77063722
2025-07-14 10:00,3.86611996
2025-07-14 11:00,5.14993465
2025-07-14 12:00,5.04059470
2025-07-14 13:00,6.31364427
2025-07-14 14:00,8.52567039
2025-07-14 15:00,11.38712792
2025-07-14 16:00,13.89161937
2025-07-14 17:00,17.53727525
2025-07-14 18:00,15.37576189
2025-07-14 19:00,19.90282430
2025-07-14 20:00,13.33717602
2025-07-14 21:00,9.85254438
2025-07-14 22:00,14.90696043
2025-07-14 23:00,10.22796647
2025-07-15 00:00,2.38353359
2025-07-15 01:00,7.97392910
2025-07-15 02:00,13.21569350
2025-07-15 03:00,10.37413434
2025-07-15 04:00,7.09434810
2025-07-15 05:00,5.53539952
2025-07-15 06:00,4.61712166
2025-07-15 07:00,14.29424066
2025-07-15 08:00,19.46027487
2025-07-15 09:00,18.76438336
2025-07-15 10:00,19.18941997
2025-07-15 11:00,8.12682293
2025-07-15 12:00,9.38391137
2025-07-15 13:00,7.77677743
2025-07-15 14:00,16.51229447
2025-07-15 15:00,12.95299446
2025-07-15 16:00,15.36240564
2025-07-15 17:00,9.13722264
2025-07-15 18:00,10.62914306
2025-07-15 19:00,5.52882617
2025-07-15 20:00,6.84580007
2025-07-15 21:00,8.96538904
2025-07-15 22:00,6.42110595
2025-07-15 23:00,11.09304039
2025-07-16 00:00,9.75886039
2025-07-16 01:00,14.61840408
2025-07-16 02:00,14.93153043
2025-07-16 03:00,12.07866183
2025-07-16 04:00,12.85710046
2025-07-16 05:00,12.96943424
2025-07-16 06:00,18.40470866
2025-07-16 07:00,15.16711696
2025-07-16 08:00,21.11931184
2025-07-16 09:00,23.11129606
2025-07-16 10:00,28.51444398
2025-07-16 11:00,22.92642826
2025-07-16 12:00,26.73526926
2025-07-16 13:00,31.47108548
2025-07-16 14:00,32.66453383
2025-07-16 15:00,32.81427843
2025-07-16 16:00,44.55367101
2025-07-16 17:00,41.28539101
2025-07-16 18:00,40.47320756
2025-07-16 19:00,42.47974523
2025-07-16 20:00,43.14146702
2025-07-16 21:00,42.68025107
2025-07-16 22:00,44.64719522
2025-07-16 23:00,43.25050078
2025-07-17 00:00,46.55500704
2025-07-17 01:00,45.72637445
2025-07-17 02:00,45.54230712
2025-07-17 03:00,45.10497530
2025-07-17 04:00,45.16881282
2025-07-17 05:00,44.76021869
2025-07-17 06:00,44.88834626
2025-07-17 07:00,44.90057759
2025-07-17 08:00,42.96455023
2025-07-17 09:00,42.03011515
2025-07-17 10:00,36.94528389
2025-07-17 11:00,31.92497821
2025-07-17 12:00,27.58528338
2025-07-17 13:00,24.95655573
2025-07-17 14:00,31.21454412
2025-07-17 15:00,31.70582819
2025-07-17 16:00,38.36017519
2025-07-17 17:00,41.02291011
2025-07-17 18:00,34.57781749
2025-07-17 19:00,39.41659358
2025-07-17 20:00,41.52351615
2025-07-17 21:00,43.64973472
2025-07-17 22:00,45.22784506
2025-07-17 23:00,44.09186470
2025-07-18 00:00,41.03363306
2025-07-18 01:00,38.19223639
2025-07-18 02:00,41.17327698
2025-07-18 03:00,35.39255785
2025-07-18 04:00,36.47990567
2025-07-18 05:00,30.34805859
2025-07-18 06:00,30.23233065
2025-07-18 07:00,24.96762153
2025-07-18 08:00,35.40494451
2025-07-18 09:00,20.43046051
2025-07-18 10:00,20.21379483
2025-07-18 11:00,11.01378385
2025-07-18 12:00,10.49413824
2025-07-18 13:00,10.17536892
2025-07-18 14:00,11.13451525
2025-07-18 15:00,6.42287256
2025-07-18 16:00,14.89840647
2025-07-18 17:00,8.86525001
2025-07-18 18:00,7.63510647
2025-07-18 19:00,5.43420483
2025-07-18 20:00,4.46837273
2025-07-18 21:00,5.67120313
2025-07-18 22:00,8.03821502
2025-07-18 23:00,3.99653465
2025-07-19 00:00,25.11997191
2025-07-19 01:00,22.36843348
2025-07-19 02:00,27.20364054
2025-07-19 03:00,31.46624861
2025-07-19 04:00,32.01780238
2025-07-19 05:00,33.62697177
2025-07-19 06:00,27.47543944
2025-07-19 07:00,29.51884222
2025-07-19 08:00,36.54751910
2025-07-19 09:00,22.80252982
2025-07-19 10:00,21.82608471
2025-07-19 11:00,32.06887603
2025-07-19 12:00,37.64870743
2025-07-19 13:00,40.63114712
2025-07-19 14:00,36.52826243
2025-07-19 15:00,22.18541562
2025-07-19 16:00,31.68411086
2025-07-19 17:00,33.79609968
2025-07-19 18:00,34.67160287
2025-07-19 19:00,34.43645322
2025-07-19 20:00,33.00162351
2025-07-19 21:00,33.27385215
2025-07-19 22:00,29.42095883
2025-07-19 23:00,27.20555751
2025-07-20 00:00,23.07238476
2025-07-20 01:00,22.88925780
2025-07-20 02:00,17.76548765
2025-07-20 03:00,18.23510784
2025-07-20 04:00,23.06956862
2025-07-20 05:00,17.73606352
2025-07-20 06:00,21.93686649
2025-07-20 07:00,28.30134122
2025-07-20 08:00,21.87682015
2025-07-20 09:00,19.93301295
2025-07-20 10:00,16.41395216
2025-07-20 11:00,14.04023498
2025-07-20 12:00,13.58391530
2025-07-20 13:00,15.07675636
2025-07-20 14:00,13.97506847
2025-07-20 15:00,12.53821384
2025-07-20 16:00,15.17070333
2025-07-20 17:00,14.58523620
2025-07-20 18:00,14.66158552
2025-07-20 19:00,14.28228817
2025-07-20 20:00,14.73982196
2025-07-20 21:00,11.65471612
2025-07-20 22:00,11.23361144
2025-07-20 23:00,20.97327481
2025-07-21 00:00,15.49486891
2025-07-21 01:00,20.17349501
2025-07-21 02:00,19.66578229
2025-07-21 03:00,15.67695369
2025-07-21 04:00,15.69417280
2025-07-21 05:00,16.55591794
2025-07-21 06:00,17.38424396
2025-07-21 07:00,12.27657734
2025-07-21 08:00,14.29061316
2025-07-21 09:00,9.58370783
2025-07-21 10:00,7.44506058
2025-07-21 11:00,10.60771227
2025-07-21 12:00,6.11551486
2025-07-21 13:00,3.04498726
2025-07-21 14:00,3.64549132
2025-07-21 15:00,4.43082841
2025-07-21 16:00,2.22434736
2025-07-21 17:00,2.56991813
2025-07-21 18:00,6.73977457
2025-07-21 19:00,2.18529584
2025-07-21 20:00,2.68186415
2025-07-21 21:00,1.51970707
2025-07-21 22:00,2.39694349
2025-07-21 23:00,1.55480586
2025-07-22 00:00,0.64946465
2025-07-22 01:00,0.61955758
2025-07-22 02:00,0.60866139
2025-07-22 03:00,1.51460380
2025-07-22 04:00,0.51309716
2025-07-22 05:00,0.42696984
2025-07-22 06:00,0.52843348
2025-07-22 07:00,0.26261025
2025-07-22 08:00,0.15853896
2025-07-22 09:00,0.26683255
2025-07-22 10:00,0.34238456
2025-07-22 11:00,0.80793443
2025-07-22 12:00,1.42388411
2025-07-22 13:00,1.54352776
2025-07-22 14:00,1.77912929
2025-07-22 15:00,2.09073676
2025-07-22 16:00,2.92691508
2025-07-22 17:00,1.86660583
2025-07-22 18:00,1.62548297
2025-07-22 19:00,1.30927458
2025-07-22 20:00,0.72753461
2025-07-22 21:00,0.50487190
2025-07-22 22:00,0.37367369
2025-07-22 23:00,0.20526093
2025-07-23 00:00,0.00222846
2025-07-23 01:00,0.01981805
2025-07-23 02:00,0.01483114
2025-07-23 03:00,0.02178012
2025-07-23 04:00,0.04391676
2025-07-23 05:00,0.06323641
2025-07-23 06:00,0.02307373
2025-07-23 07:00,0.01130483
2025-07-23 08:00,0.02923840
2025-07-23 09:00,0.03943635
2025-07-23 10:00,0.09968626
2025-07-23 11:00,0.22448827
2025-07-23 12:00,0.55954145
2025-07-23 13:00,1.68340028
2025-07-23 14:00,2.03705290
2025-07-23 15:00,2.98766045
2025-07-23 16:00,3.26172634
2025-07-23 17:00,2.71439932
2025-07-23 18:00,2.92711450
2025-07-23 19:00,2.95103811
2025-07-23 20:00,0.69993110
2025-07-23 21:00,0.40027453
2025-07-23 22:00,0.23774457
2025-07-23 23:00,0.29333928
2025-07-24 00:00,0.11842238
2025-07-24 01:00,0.18014960
2025-07-24 02:00,0.11156721
2025-07-24 03:00,0.18234709
2025-07-24 04:00,0.92889733
2025-07-24 05:00,0.22217783
2025-07-24 06:00,0.20356808
2025-07-24 07:00,0.00223482
2025-07-24 08:00,0.04116401
2025-07-24 09:00,0.00318357
2025-07-24 10:00,0.11578554
2025-07-24 11:00,0.37600002
2025-07-24 12:00,0.51915916
2025-07-24 13:00,1.24497188
2025-07-24 14:00,2.79158380
2025-07-24 15:00,3.68532085
2025-07-24 16:00,7.63345044
2025-07-24 17:00,6.25837181
2025-07-24 18:00,7.71546020
2025-07-24 19:00,5.00114653
2025-07-24 20:00,3.38304321
2025-07-24 21:00,2.56586888
2025-07-24 22:00,0.34997838
2025-07-24 23:00,0.50691104
2025-07-25 00:00,0.65713301
2025-07-25 01:00,1.09007240
2025-07-25 02:00,0.81786081
2025-07-25 03:00,0.60826170
2025-07-25 04:00,0.83774793
2025-07-25 05:00,0.64737473
2025-07-25 06:00,0.57362672
2025-07-25 07:00,0.81966347
2025-07-25 08:00,0.81395771
2025-07-25 09:00,0.62336749
2025-07-25 10:00,0.45196306
2025-07-25 11:00,0.67121161
2025-07-25 12:00,0.81717007
2025-07-25 13:00,0.74580750
2025-07-25 14:00,1.28257597
2025-07-25 15:00,2.66943495
2025-07-25 16:00,4.12031958
2025-07-25 17:00,4.02577843
2025-07-25 18:00,3.34859907
2025-07-25 19:00,1.98327619
2025-07-25 20:00,1.67802556
2025-07-25 21:00,0.74086763
2025-07-25 22:00,0.71084148
2025-07-25 23:00,0.71774321
2025-07-26 00:00,1.26391674
2025-07-26 01:00,0.99664071
2025-07-26 02:00,1.40275720
2025-07-26 03:00,1.99704988
2025-07-26 04:00,1.79532283
2025-07-26 05:00,1.62426945
2025-07-26 06:00,2.08838372
2025-07-26 07:00,2.02224404
2025-07-26 08:00,3.16467354
2025-07-26 09:00,4.40665793
2025-07-26 10:00,4.24359842
2025-07-26 11:00,3.91838225
2025-07-26 12:00,4.02278814
2025-07-26 13:00,3.04787563
2025-07-26 14:00,4.22969649
2025-07-26 15:00,3.78073074
2025-07-26 16:00,6.57630117
2025-07-26 17:00,8.70829097
2025-07-26 18:00,8.43222545
2025-07-26 19:00,5.99969151
2025-07-26 20:00,9.26036869
2025-07-26 21:00,5.16477568
2025-07-26 22:00,4.41679029
2025-07-26 23:00,5.30168305
2025-07-27 00:00,1.15109830
2025-07-27 01:00,2.40322588
2025-07-27 02:00,5.26606761
2025-07-27 03:00,2.88860043
2025-07-27 04:00,1.40531587
2025-07-27 05:00,2.86825950
2025-07-27 06:00,2.35749571
2025-07-27 07:00,1.24370524
2025-07-27 08:00,1.16381401
2025-07-27 09:00,1.66633997
2025-07-27 10:00,0.54873693
2025-07-27 11:00,0.53796635
2025-07-27 12:00,0.85213537
2025-07-27 13:00,1.79252019
2025-07-27 14:00,1.84105874
2025-07-27 15:00,2.70635774
2025-07-27 16:00,3.87754637
2025-07-27 17:00,3.76567969
2025-07-27 18:00,2.30502651
2025-07-27 19:00,1.64128710
2025-07-27 20:00,1.21759841
2025-07-27 21:00,1.11990683
2025-07-27 22:00,0.35049530
2025-07-27 23:00,0.18412021
2025-07-28 00:00,0.01942741
2025-07-28 01:00,0.00000000
2025-07-28 02:00,0.00921667
2025-07-28 03:00,0.00000000
2025-07-28 04:00,0.02385697
2025-07-28 05:00,0.00719587
2025-07-28 06:00,0.06412465
2025-07-28 07:00,0.01204888
2025-07-28 08:00,0.01094784
2025-07-28 09:00,0.01592274
2025-07-28 10:00,0.04394564
2025-07-28 11:00,0.13274711
2025-07-28 12:00,0.70793556
2025-07-28 13:00,1.86178477
2025-07-28 14:00,2.44619833
2025-07-28 15:00,4.04293232
2025-07-28 16:00,3.37486291
2025-07-28 17:00,4.61678969
2025-07-28 18:00,5.21415539
2025-07-28 19:00,1.18013237
2025-07-28 20:00,1.22550846
2025-07-28 21:00,0.68188229
2025-07-28 22:00,0.23716226
2025-07-28 23:00,0.07725161
2025-07-29 00:00,0.04333724
2025-07-29 01:00,0.00000000
2025-07-29 02:00,0.00000000
2025-07-29 03:00,0.00000000
2025-07-29 04:00,0.00345788
2025-07-29 05:00,0.00000000
2025-07-29 06:00,0.02614372
2025-07-29 07:00,0.09108891
2025-07-29 08:00,0.02715255
2025-07-29 09:00,0.01338920
2025-07-29 10:00,0.06220756
2025-07-29 11:00,0.06355617
2025-07-29 12:00,0.05656785
2025-07-29 13:00,0.25704546
2025-07-29 14:00,0.94605058
2025-07-29 15:00,1.28511444
2025-07-29 16:00,1.80748205
2025-07-29 17:00,1.42327374
2025-07-29 18:00,1.00173125
2025-07-29 19:00,0.25054436
2025-07-29 20:00,0.17253224
2025-07-29 21:00,0.07751269
2025-07-29 22:00,0.00081072
2025-07-29 23:00,0.10599176
2025-07-30 00:00,0.30173720
2025-07-30 01:00,0.20458209
2025-07-30 02:00,0.07840937
2025-07-30 03:00,0.07038675
2025-07-30 04:00,0.07641566
2025-07-30 05:00,0.29483331
2025-07-30 06:00,0.02703272
2025-07-30 07:00,0.23554449
2025-07-30 08:00,0.04876000
2025-07-30 09:00,0.22020337
2025-07-30 10:00,0.11290767
2025-07-30 11:00,0.06591171
2025-07-30 12:00,0.48403367
2025-07-30 13:00,1.22182307
2025-07-30 14:00,2.03807324
2025-07-30 15:00,1.64884361
2025-07-30 16:00,4.91902852
2025-07-30 17:00,4.32502173
2025-07-30 18:00,2.06833693
2025-07-30 19:00,6.71614768
2025-07-30 20:00,10.12457046
2025-07-30 21:00,4.90076402
2025-07-30 22:00,3.12861462
2025-07-30 23:00,2.92992444
2025-07-31 00:00,3.94405402
2025-07-31 01:00,3.24208736
2025-07-31 02:00,1.27768666
2025-07-31 03:00,0.89919997
2025-07-31 04:00,0.68737912
2025-07-31 05:00,0.97560056
2025-07-31 06:00,0.63722120
2025-07-31 07:00,0.60887573
2025-07-31 08:00,0.39183484
2025-07-31 09:00,1.45095220
2025-07-31 10:00,0.71529004
2025-07-31 11:00,0.57792487
2025-07-31 12:00,0.74349369
2025-07-31 13:00,0.62544632
2025-07-31 14:00,1.14519343
2025-07-31 15:00,1.85400786
2025-07-31 16:00,2.78570379
2025-07-31 17:00,2.23893900
2025-07-31 18:00,2.24898467
2025-07-31 19:00,0.90592374
2025-07-31 20:00,0.79609213
2025-07-31 21:00,0.48146835
2025-07-31 22:00,0.95056589
2025-07-31 23:00,1.20613682
2025-08-01 00:00,0.14129071
2025-08-01 01:00,0.28851283
2025-08-01 02:00,0.21944314
2025-08-01 03:00,0.10220856
2025-08-01 04:00,0.23574329
2025-08-01 05:00,0.18390418
2025-08-01 06:00,0.96542028
2025-08-01 07:00,0.23641237
2025-08-01 08:00,0.12310659
2025-08-01 09:00,0.16070111
2025-08-01 10:00,0.07308012
2025-08-01 11:00,0.02731152
2025-08-01 12:00,0.06149475
2025-08-01 13:00,0.39963652
2025-08-01 14:00,0.76170643
2025-08-01 15:00,1.10536727
2025-08-01 16:00,1.73575769
2025-08-01 17:00,1.87921959
2025-08-01 18:00,0.75220447
2025-08-01 19:00,0.48259067
2025-08-01 20:00,0.48037498
2025-08-01 21:00,0.12203438
2025-08-01 22:00,0.22425115
2025-08-01 23:00,0.41983225
2025-08-02 00:00,0.38707767
2025-08-02 01:00,0.20520481
2025-08-02 02:00,0.46739567
2025-08-02 03:00,0.42392094
2025-08-02 04:00,0.60966025
2025-08-02 05:00,0.06677678
2025-08-02 06:00,0.27513363
2025-08-02 07:00,0.14411950
2025-08-02 08:00,0.14459814
2025-08-02 09:00,0.15608712
2025-08-02 10:00,0.04676464
2025-08-02 11:00,0.03118875
2025-08-02 12:00,0.23708965
2025-08-02 13:00,0.81938217
2025-08-02 14:00,1.09147791
2025-08-02 15:00,1.46393163
2025-08-02 16:00,1.21834345
2025-08-02 17:00,0.92859542
2025-08-02 18:00,0.65236917
2025-08-02 19:00,0.45449436
2025-08-02 20:00,0.40005291
2025-08-02 21:00,0.27077411
2025-08-02 22:00,0.20879522
2025-08-02 23:00,0.26514874
2025-08-03 00:00,0.46304065
2025-08-03 01:00,0.32699838
2025-08-03 02:00,0.18838882
2025-08-03 03:00,0.08402294
2025-08-03 04:00,0.07581257
2025-08-03 05:00,0.02948011
2025-08-03 06:00,0.06333585
2025-08-03 07:00,0.00057150
2025-08-03 08:00,0.03045921
2025-08-03 09:00,0.03945357
2025-08-03 10:00,0.17535101
2025-08-03 11:00,0.59856661
2025-08-03 12:00,1.08165897
2025-08-03 13:00,2.57534909
2025-08-03 14:00,3.02379287
2025-08-03 15:00,2.37816608
2025-08-03 16:00,2.52981466
2025-08-03 17:00,1.80473722
2025-08-03 18:00,2.20413520
2025-08-03 19:00,1.87630586
2025-08-03 20:00,1.95351944
2025-08-03 21:00,5.26550243
2025-08-03 22:00,7.08207399
2025-08-03 23:00,6.56449207
2025-08-04 00:00,40.65841291
2025-08-04 01:00,42.82819255
2025-08-04 02:00,42.06547281
2025-08-04 03:00,40.79292259
2025-08-04 04:00,38.17837463
2025-08-04 05:00,32.99842353
2025-08-04 06:00,33.74167485
2025-08-04 07:00,21.80463059
2025-08-04 08:00,24.70185269
2025-08-04 09:00,28.31184812
2025-08-04 10:00,32.58750529
2025-08-04 11:00,27.01203426
2025-08-04 12:00,29.87332019
2025-08-04 13:00,28.04244224
2025-08-04 14:00,34.45738326
2025-08-04 15:00,34.21998194
2025-08-04 16:00,32.03865713
2025-08-04 17:00,27.72737094
2025-08-04 18:00,25.54440233
2025-08-04 19:00,31.12762005
2025-08-04 20:00,29.42463950
2025-08-04 21:00,27.90614938
2025-08-04 22:00,29.36022522
2025-08-04 23:00,30.57465078
2025-08-05 00:00,0.70019238
2025-08-05 01:00,0.61590721
2025-08-05 02:00,0.45909183
2025-08-05 03:00,0.38904367
2025-08-05 04:00,0.40772010
2025-08-05 05:00,0.75463815
2025-08-05 06:00,1.97123892
2025-08-05 07:00,2.27599685
2025-08-05 08:00,1.74261269
2025-08-05 09:00,4.41768035
2025-08-05 10:00,3.50162189
2025-08-05 11:00,3.74931381
2025-08-05 12:00,6.54574477
2025-08-05 13:00,8.16133791
2025-08-05 14:00,8.24820282
2025-08-05 15:00,12.02274165
2025-08-05 16:00,17.74720861
2025-08-05 17:00,20.04255292
2025-08-05 18:00,18.35756700
2025-08-05 19:00,25.00154567
2025-08-05 20:00,29.28362314
2025-08-05 21:00,30.98722191
2025-08-05 22:00,34.00777701
2025-08-05 23:00,37.23162814
2025-08-06 00:00,36.87602388
2025-08-06 01:00,37.72100671
2025-08-06 02:00,34.93076428
2025-08-06 03:00,33.03098747
2025-08-06 04:00,32.15496725
2025-08-06 05:00,31.18392830
2025-08-06 06:00,30.07754273
2025-08-06 07:00,32.41113806
2025-08-06 08:00,34.93901889
2025-08-06 09:00,33.53129290
2025-08-06 10:00,34.55350984
2025-08-06 11:00,31.11121273
2025-08-06 12:00,29.05113904
2025-08-06 13:00,33.63972194
2025-08-06 14:00,32.20603904
2025-08-06 15:00,31.32123550
2025-08-06 16:00,29.76322787
2025-08-06 17:00,27.26402014
2025-08-06 18:00,23.57603817
2025-08-06 19:00,25.67109476
2025-08-06 20:00,22.66348635
2025-08-06 21:00,22.27042194
2025-08-06 22:00,17.88593109
2025-08-06 23:00,15.36796889
2025-08-07 00:00,1.38769769
2025-08-07 01:00,1.38471716
2025-08-07 02:00,1.00206475
2025-08-07 03:00,0.54687089
2025-08-07 04:00,1.26106613
2025-08-07 05:00,0.17565596
2025-08-07 06:00,0.58890786
2025-08-07 07:00,0.00317153
2025-08-07 08:00,0.75732388
2025-08-07 09:00,0.67942383
2025-08-07 10:00,0.84748184
2025-08-07 11:00,3.01497165
2025-08-07 12:00,2.73065587
2025-08-07 13:00,2.81514984
2025-08-07 14:00,2.48842230
2025-08-07 15:00,3.18657865
2025-08-07 16:00,2.52546991
2025-08-07 17:00,1.80642563
2025-08-07 18:00,1.78086905
2025-08-07 19:00,0.54069810
2025-08-07 20:00,0.31714886
2025-08-07 21:00,0.28519607
2025-08-07 22:00,0.21813310
2025-08-07 23:00,0.25386364
2025-08-08 00:00,0.51473899
2025-08-08 01:00,0.56070318
2025-08-08 02:00,0.12665062
2025-08-08 03:00,0.23259866
2025-08-08 04:00,0.02657477
2025-08-08 05:00,0.01236576
2025-08-08 06:00,0.01165831
2025-08-08 07:00,0.00000000
2025-08-08 08:00,0.10395020
2025-08-08 09:00,0.00934001
2025-08-08 10:00,0.00854433
2025-08-08 11:00,0.02662539
2025-08-08 12:00,0.03066859
2025-08-08 13:00,0.33532495
2025-08-08 14:00,0.99775507
2025-08-08 15:00,1.45517549
2025-08-08 16:00,1.03896625
2025-08-08 17:00,0.28489487
2025-08-08 18:00,0.24607463
2025-08-08 19:00,0.30553796
2025-08-08 20:00,0.01351176
2025-08-08 21:00,0.00000000
2025-08-08 22:00,0.04513017
2025-08-08 23:00,0.10225059
2025-08-09 00:00,0.07447422
2025-08-09 01:00,0.04052038
2025-08-09 02:00,0.57522256
2025-08-09 03:00,0.59899713
2025-08-09 04:00,0.38003344
2025-08-09 05:00,0.51627925
2025-08-09 06:00,0.80174700
2025-08-09 07:00,0.60256547
2025-08-09 08:00,0.88755738
2025-08-09 09:00,0.83087205
2025-08-09 10:00,0.76981633
2025-08-09 11:00,1.53532104
2025-08-09 12:00,3.88040810
2025-08-09 13:00,2.20692741
2025-08-09 14:00,3.49631872
2025-08-09 15:00,10.25821184
2025-08-09 16:00,13.80053387
2025-08-09 17:00,17.12370068
2025-08-09 18:00,20.58719029
2025-08-09 19:00,20.02789018
2025-08-09 20:00,12.63377197
2025-08-09 21:00,16.86094158
2025-08-09 22:00,23.37089927
2025-08-09 23:00,21.67892866
2025-08-10 00:00,8.47394260
2025-08-10 01:00,12.19095395
2025-08-10 02:00,13.24145321
2025-08-10 03:00,22.40900788
2025-08-10 04:00,20.64011724
2025-08-10 05:00,18.73989069
2025-08-10 06:00,24.74416714
2025-08-10 07:00,19.91372180
2025-08-10 08:00,18.14803473
2025-08-10 09:00,23.55870332
2025-08-10 10:00,23.64646146
2025-08-10 11:00,22.75384975
2025-08-10 12:00,20.16150960
2025-08-10 13:00,19.51109736
2025-08-10 14:00,13.38351234
2025-08-10 15:00,15.12237779
2025-08-10 16:00,21.27730072
2025-08-10 17:00,17.16373810
2025-08-10 18:00,15.51008368
2025-08-10 19:00,8.93104372
2025-08-10 20:00,5.99260818
2025-08-10 21:00,5.28264014
2025-08-10 22:00,4.66859370
2025-08-10 23:00,3.25291958
2025-08-11 00:00,0.12262976
2025-08-11 01:00,0.03490957
2025-08-11 02:00,0.12527908
2025-08-11 03:00,0.13809416
2025-08-11 04:00,0.01255145
2025-08-11 05:00,0.03241618
2025-08-11 06:00,0.23810290
2025-08-11 07:00,0.08349349
2025-08-11 08:00,0.00767141
2025-08-11 09:00,0.03909800
2025-08-11 10:00,0.25626581
2025-08-11 11:00,0.27677934
2025-08-11 12:00,1.08854148
2025-08-11 13:00,1.90511062
2025-08-11 14:00,0.51385449
2025-08-11 15:00,4.28106797
2025-08-11 16:00,4.63571127
2025-08-11 17:00,4.23376332
2025-08-11 18:00,4.83236152
2025-08-11 19:00,3.43074537
2025-08-11 20:00,1.69240898
2025-08-11 21:00,3.55162597
2025-08-11 22:00,3.93014585
2025-08-11 23:00,1.59041330
2025-08-12 00:00,0.64956233
2025-08-12 01:00,0.58483777
2025-08-12 02:00,0.53712591
2025-08-12 03:00,0.50772848
2025-08-12 04:00,0.59905978
2025-08-12 05:00,0.46210713
2025-08-12 06:00,0.31168687
2025-08-12 07:00,0.68878607
2025-08-12 08:00,0.67491914
2025-08-12 09:00,0.38215599
2025-08-12 10:00,2.48186449
2025-08-12 11:00,3.36572098
2025-08-12 12:00,2.55811407
2025-08-12 13:00,2.62042422
2025-08-12 14:00,4.59986421
2025-08-12 15:00,7.68617478
2025-08-12 16:00,6.45052111
2025-08-12 17:00,10.46319052
2025-08-12 18:00,15.72325621
2025-08-12 19:00,12.69099835
2025-08-12 20:00,9.70744841
2025-08-12 21:00,8.40298865
2025-08-12 22:00,8.56348594
2025-08-12 23:00,9.77430637
2025-08-13 00:00,25.38945188
2025-08-13 01:00,26.10070308
2025-08-13 02:00,32.05087369
2025-08-13 03:00,32.44046299
2025-08-13 04:00,32.71371515
2025-08-13 05:00,34.53860870
2025-08-13 06:00,37.68775439
2025-08-13 07:00,36.74207939
2025-08-13 08:00,37.63866127
2025-08-13 09:00,40.63997111
2025-08-13 10:00,38.65854594
2025-08-13 11:00,37.40131255
2025-08-13 12:00,38.58278215
2025-08-13 13:00,37.06147466
2025-08-13 14:00,36.38408796
2025-08-13 15:00,37.68560636
2025-08-13 16:00,37.37841933
2025-08-13 17:00,33.66858281
2025-08-13 18:00,28.57657656
2025-08-13 19:00,26.43589530
2025-08-13 20:00,19.17026728
2025-08-13 21:00,22.90326867
2025-08-13 22:00,21.77390932
2025-08-13 23:00,21.21434529
2025-08-14 00:00,27.73569406
2025-08-14 01:00,27.97460460
2025-08-14 02:00,22.29339713
2025-08-14 03:00,19.50137418
2025-08-14 04:00,18.45308357
2025-08-14 05:00,19.38332692
2025-08-14 06:00,13.03692810
2025-08-14 07:00,12.87629638
2025-08-14 08:00,15.99395268
2025-08-14 09:00,11.08039915
2025-08-14 10:00,10.17802677
2025-08-14 11:00,8.27956457
2025-08-14 12:00,9.20178882
2025-08-14 13:00,7.93440067
2025-08-14 14:00,9.32826433
2025-08-14 15:00,10.34496287
2025-08-14 16:00,12.14032099
2025-08-14 17:00,10.59691185
2025-08-14 18:00,12.53484878
2025-08-14 19:00,9.83512643
2025-08-14 20:00,3.17781324
2025-08-14 21:00,2.88561579
2025-08-14 22:00,3.11459987
2025-08-14 23:00,2.98122143
2025-08-15 00:00,0.05591109
2025-08-15 01:00,0.06254961
2025-08-15 02:00,0.00780407
2025-08-15 03:00,0.15765027
2025-08-15 04:00,0.18532212
2025-08-15 05:00,1.04137577
2025-08-15 06:00,0.22442709
2025-08-15 07:00,0.43344609
2025-08-15 08:00,0.16267849
2025-08-15 09:00,0.21514153
2025-08-15 10:00,0.22097348
2025-08-15 11:00,0.24208414
2025-08-15 12:00,1.77229879
2025-08-15 13:00,1.87537808
2025-08-15 14:00,1.73086056
2025-08-15 15:00,0.82620456
2025-08-15 16:00,0.88334159
2025-08-15 17:00,1.40294625
2025-08-15 18:00,2.20905500
2025-08-15 19:00,1.47718617
2025-08-15 20:00,0.00000000
2025-08-15 21:00,0.01402096
2025-08-15 22:00,0.01354737
2025-08-15 23:00,0.00171631
2025-08-16 00:00,0.07621499
2025-08-16 01:00,0.00000000
2025-08-16 02:00,0.11532376
2025-08-16 03:00,0.00000000
2025-08-16 04:00,0.00000000
2025-08-16 05:00,0.04808942
2025-08-16 06:00,0.18979147
2025-08-16 07:00,0.01484487
2025-08-16 08:00,0.04473099
2025-08-16 09:00,0.01064391
2025-08-16 10:00,0.05162821
2025-08-16 11:00,0.02653512
2025-08-16 12:00,0.02958855
2025-08-16 13:00,1.29602771
2025-08-16 14:00,1.56726963
2025-08-16 15:00,1.81815309
2025-08-16 16:00,0.89658628
2025-08-16 17:00,0.70731373
2025-08-16 18:00,0.30249108
2025-08-16 19:00,0.17098375
2025-08-16 20:00,0.09950755
2025-08-16 21:00,0.14875668
2025-08-16 22:00,0.30255380
2025-08-16 23:00,1.17620728
2025-08-17 00:00,0.40430915
2025-08-17 01:00,0.27265047
2025-08-17 02:00,0.04591225
2025-08-17 03:00,0.14850263
2025-08-17 04:00,0.46051434
2025-08-17 05:00,0.06963258
2025-08-17 06:00,0.08895192
2025-08-17 07:00,0.29073694
2025-08-17 08:00,0.16282922
2025-08-17 09:00,0.01600590
2025-08-17 10:00,0.05942831
2025-08-17 11:00,0.01883106
2025-08-17 12:00,0.13274711
2025-08-17 13:00,0.31791338
2025-08-17 14:00,0.44247465
2025-08-17 15:00,1.27353905
2025-08-17 16:00,1.13026647
2025-08-17 17:00,0.42990591
2025-08-17 18:00,0.46674756
2025-08-17 19:00,0.14859955
2025-08-17 20:00,0.00400935
2025-08-17 21:00,0.24828232
2025-08-17 22:00,0.33420929
2025-08-17 23:00,0.19716505
2025-08-18 00:00,0.20387027
2025-08-18 01:00,0.00755421
2025-08-18 02:00,0.41003074
2025-08-18 03:00,1.95376107
2025-08-18 04:00,0.83666925
2025-08-18 05:00,0.33960147
2025-08-18 06:00,0.79905999
2025-08-18 07:00,0.58260359
2025-08-18 08:00,0.56974759
2025-08-18 09:00,0.22670270
2025-08-18 10:00,0.13569713
2025-08-18 11:00,0.30706653
2025-08-18 12:00,0.40907298
2025-08-18 13:00,0.17949125
2025-08-18 14:00,0.47090009
2025-08-18 15:00,1.53236483
2025-08-18 16:00,1.87995260
2025-08-18 17:00,2.14353173
2025-08-18 18:00,1.09800252
2025-08-18 19:00,1.18930654
2025-08-18 20:00,0.93646926
2025-08-18 21:00,0.03455438
2025-08-18 22:00,0.47743083
2025-08-18 23:00,2.45260676
2025-08-19 00:00,3.32779686
2025-08-19 01:00,4.76712430
2025-08-19 02:00,8.30381655
2025-08-19 03:00,5.23180094
2025-08-19 04:00,3.54169849
2025-08-19 05:00,4.42233914
2025-08-19 06:00,4.65060723
2025-08-19 07:00,5.08088757
2025-08-19 08:00,5.15710397
2025-08-19 09:00,3.82508910
2025-08-19 10:00,3.17460625
2025-08-19 11:00,3.32974703
2025-08-19 12:00,3.70284254
2025-08-19 13:00,5.90575220
2025-08-19 14:00,5.36473100
2025-08-19 15:00,6.32476998
2025-08-19 16:00,6.45410795
2025-08-19 17:00,7.44951635
2025-08-19 18:00,7.17820208
2025-08-19 19:00,4.83238789
2025-08-19 20:00,2.71086629
2025-08-19 21:00,2.27885047
2025-08-19 22:00,1.46088490
2025-08-19 23:00,0.88911992
2025-08-20 00:00,2.35774888
2025-08-20 01:00,3.92475345
2025-08-20 02:00,3.07874343
2025-08-20 03:00,2.40654363
2025-08-20 04:00,3.19061905
2025-08-20 05:00,2.94965066
2025-08-20 06:00,2.83312249
2025-08-20 07:00,3.17915107
2025-08-20 08:00,3.71397754
2025-08-20 09:00,2.35347406
2025-08-20 10:00,2.31523127
2025-08-20 11:00,2.70750732
2025-08-20 12:00,3.08369715
2025-08-20 13:00,5.03806858
2025-08-20 14:00,5.27831055
2025-08-20 15:00,4.85082069
2025-08-20 16:00,4.38893630
2025-08-20 17:00,2.93890516
2025-08-20 18:00,1.47855729
2025-08-20 19:00,1.06922623
2025-08-20 20:00,0.18598971
2025-08-20 21:00,0.01907012
2025-08-20 22:00,0.01897631
2025-08-20 23:00,0.00000000
2025-08-21 00:00,0.12410440
2025-08-21 01:00,0.00340153
2025-08-21 02:00,0.20577545
2025-08-21 03:00,0.05668019
2025-08-21 04:00,0.37461518
2025-08-21 05:00,0.14858180
2025-08-21 06:00,0.46153887
2025-08-21 07:00,0.35042152
2025-08-21 08:00,0.18621944
2025-08-21 09:00,0.13603592
2025-08-21 10:00,0.56855393
2025-08-21 11:00,0.10577268
2025-08-21 12:00,0.16457914
2025-08-21 13:00,0.20563567
2025-08-21 14:00,0.70489314
2025-08-21 15:00,1.38240053
2025-08-21 16:00,2.28938310
2025-08-21 17:00,2.14626665
2025-08-21 18:00,3.30070999
2025-08-21 19:00,0.81670374
2025-08-21 20:00,1.15707732
2025-08-21 21:00,0.60032792
2025-08-21 22:00,0.16377941
2025-08-21 23:00,0.40355277
2025-08-22 00:00,0.16933347
2025-08-22 01:00,0.29695589
2025-08-22 02:00,0.10349731
2025-08-22 03:00,0.33864405
2025-08-22 04:00,0.12514727
2025-08-22 05:00,0.14643461
2025-08-22 06:00,0.02822670
2025-08-22 07:00,0.17105276
2025-08-22 08:00,0.14335797
2025-08-22 09:00,0.08786178
2025-08-22 10:00,0.06297306
2025-08-22 11:00,0.17585016
2025-08-22 12:00,0.55504468
2025-08-22 13:00,0.73707236
2025-08-22 14:00,0.72480824
2025-08-22 15:00,0.93451988
2025-08-22 16:00,0.33857020
2025-08-22 17:00,0.22209600
2025-08-22 18:00,0.12083733
2025-08-22 19:00,0.13938794
2025-08-22 20:00,0.02474367
2025-08-22 21:00,0.07144283
2025-08-22 22:00,0.12221390
2025-08-22 23:00,0.05946303
2025-08-23 00:00,0.05961882
2025-08-23 01:00,0.00718524
2025-08-23 02:00,0.02238001
2025-08-23 03:00,0.00772796
2025-08-23 04:00,0.01623540
2025-08-23 05:00,0.11228836
2025-08-23 06:00,0.04059723
2025-08-23 07:00,0.04408291
2025-08-23 08:00,0.00967253
2025-08-23 09:00,0.02813640
2025-08-23 10:00,0.03969786
2025-08-23 11:00,0.10988852
2025-08-23 12:00,0.08557202
2025-08-23 13:00,0.29897707
2025-08-23 14:00,0.88746825
2025-08-23 15:00,0.98098372
2025-08-23 16:00,0.74907781
2025-08-23 17:00,0.35064015
2025-08-23 18:00,0.38897394
2025-08-23 19:00,0.13292632
2025-08-23 20:00,0.13819423
2025-08-23 21:00,0.42478396
2025-08-23 22:00,0.06315546
2025-08-23 23:00,0.18360169
2025-08-24 00:00,0.00620574
2025-08-24 01:00,0.11146403
2025-08-24 02:00,0.00570777
2025-08-24 03:00,0.19507597
2025-08-24 04:00,0.04185653
2025-08-24 05:00,0.09778892
2025-08-24 06:00,0.08607043
2025-08-24 07:00,0.28318806
2025-08-24 08:00,0.11593791
2025-08-24 09:00,0.06896037
2025-08-24 10:00,0.13864843
2025-08-24 11:00,0.28850815
2025-08-24 12:00,0.83007177
2025-08-24 13:00,1.70328755
2025-08-24 14:00,2.47390679
2025-08-24 15:00,2.01606272
2025-08-24 16:00,1.50933044
2025-08-24 17:00,1.82457758
2025-08-24 18:00,0.66317846
2025-08-24 19:00,0.35262804
2025-08-24 20:00,0.36677709
2025-08-24 21:00,0.17165463
2025-08-24 22:00,0.37791690
2025-08-24 23:00,0.21676339
2025-08-25 00:00,2.00863683
2025-08-25 01:00,1.66527462
2025-08-25 02:00,1.69626193
2025-08-25 03:00,1.88293293
2025-08-25 04:00,2.61578205
2025-08-25 05:00,3.04501334
2025-08-25 06:00,3.49768243
2025-08-25 07:00,3.06649998
2025-08-25 08:00,4.18500925
2025-08-25 09:00,4.85507257
2025-08-25 10:00,4.58462197
2025-08-25 11:00,4.19470688
2025-08-25 12:00,5.47906994
2025-08-25 13:00,6.60176387
2025-08-25 14:00,8.55982166
2025-08-25 15:00,9.91333557
2025-08-25 16:00,11.83601810
2025-08-25 17:00,13.06973612
2025-08-25 18:00,17.18682471
2025-08-25 19:00,15.19176305
2025-08-25 20:00,16.83304795
2025-08-25 21:00,23.51150803
2025-08-25 22:00,25.05374558
2025-08-25 23:00,25.28420661
2025-08-26 00:00,32.06065652
2025-08-26 01:00,33.07571187
2025-08-26 02:00,35.79325651
2025-08-26 03:00,35.00611645
2025-08-26 04:00,36.37050044
2025-08-26 05:00,35.54024076
2025-08-26 06:00,32.12430381
2025-08-26 07:00,27.09415900
2025-08-26 08:00,29.73552946
2025-08-26 09:00,22.55732862
2025-08-26 10:00,18.77072622
2025-08-26 11:00,21.94251632
2025-08-26 12:00,20.72060825
2025-08-26 13:00,11.23364927
2025-08-26 14:00,4.69232472
2025-08-26 15:00,4.04516702
2025-08-26 16:00,5.28004031
2025-08-26 17:00,7.26183925
2025-08-26 18:00,6.79881215
2025-08-26 19:00,4.52576411
2025-08-26 20:00,5.85003886
2025-08-26 21:00,5.30551756
2025-08-26 22:00,4.80496508
2025-08-26 23:00,2.52825414
2025-08-27 00:00,0.39618857
2025-08-27 01:00,0.42390911
2025-08-27 02:00,1.01894223
2025-08-27 03:00,0.56157392
2025-08-27 04:00,0.28942814
2025-08-27 05:00,0.56142911
2025-08-27 06:00,0.41649789
2025-08-27 07:00,0.12722527
2025-08-27 08:00,0.05295897
2025-08-27 09:00,0.10677264
2025-08-27 10:00,0.00838176
2025-08-27 11:00,0.01756603
2025-08-27 12:00,0.43863047
2025-08-27 13:00,0.63939794
2025-08-27 14:00,0.79737768
2025-08-27 15:00,0.96505935
2025-08-27 16:00,0.83851297
2025-08-27 17:00,0.77652335
2025-08-27 18:00,0.67150310
2025-08-27 19:00,0.67657939
2025-08-27 20:00,0.41351860
2025-08-27 21:00,0.48473465
2025-08-27 22:00,0.19743868
2025-08-27 23:00,0.11510695
2025-08-28 00:00,2.32062187
2025-08-28 01:00,2.43699474
2025-08-28 02:00,3.65200937
2025-08-28 03:00,6.52109263
2025-08-28 04:00,4.47880962
2025-08-28 05:00,5.47098625
2025-08-28 06:00,6.98208816
2025-08-28 07:00,9.77207178
2025-08-28 08:00,9.70799673
2025-08-28 09:00,7.92662822
2025-08-28 10:00,8.97103849
2025-08-28 11:00,9.80951316
2025-08-28 12:00,8.77054623
2025-08-28 13:00,5.22792228
2025-08-28 14:00,10.92444252
2025-08-28 15:00,9.94737052
2025-08-28 16:00,12.85448821
2025-08-28 17:00,12.86074952
2025-08-28 18:00,12.13826459
2025-08-28 19:00,5.19555126
2025-08-28 20:00,6.77125588
2025-08-28 21:00,6.16901000
2025-08-28 22:00,7.37879413
2025-08-28 23:00,8.18061076
2025-08-29 00:00,9.60947437
2025-08-29 01:00,11.70182444
2025-08-29 02:00,10.62101933
2025-08-29 03:00,8.81699916
2025-08-29 04:00,8.58947000
2025-08-29 05:00,7.38140464
2025-08-29 06:00,8.34595318
2025-08-29 07:00,6.68888344
2025-08-29 08:00,5.92394040
2025-08-29 09:00,3.96513252
2025-08-29 10:00,2.63572285
2025-08-29 11:00,3.55744628
2025-08-29 12:00,3.38085358
2025-08-29 13:00,4.96288668
2025-08-29 14:00,4.82790265
2025-08-29 15:00,3.12556338
2025-08-29 16:00,2.72531084
2025-08-29 17:00,3.02421449
2025-08-29 18:00,2.48676822
2025-08-29 19:00,1.62439073
2025-08-29 20:00,0.91465958
2025-08-29 21:00,0.31250871
2025-08-29 22:00,1.14031961
2025-08-29 23:00,2.15543032
2025-08-30 00:00,1.18819342
2025-08-30 01:00,1.37271894
2025-08-30 02:00,1.08141846
2025-08-30 03:00,0.84161149
2025-08-30 04:00,0.45965032
2025-08-30 05:00,0.43314821
2025-08-30 06:00,0.49635736
2025-08-30 07:00,0.50747015
2025-08-30 08:00,0.48201927
2025-08-30 09:00,0.25082388
2025-08-30 10:00,0.03455073
2025-08-30 11:00,0.57480738
2025-08-30 12:00,0.23462146
2025-08-30 13:00,0.41317663
2025-08-30 14:00,1.43715602
2025-08-30 15:00,2.01041698
2025-08-30 16:00,1.83661486
2025-08-30 17:00,1.17623649
2025-08-30 18:00,0.29569003
2025-08-30 19:00,0.00000000
2025-08-30 20:00,0.03101456
2025-08-30 21:00,0.01288997
2025-08-30 22:00,0.00060545
2025-08-30 23:00,0.01198041
2025-08-31 00:00,0.56702161
2025-08-31 01:00,0.37487450
2025-08-31 02:00,0.66297885
2025-08-31 03:00,1.08465294
2025-08-31 04:00,0.49903436
2025-08-31 05:00,1.48597078
2025-08-31 06:00,2.86863184
2025-08-31 07:00,2.61028429
2025-08-31 08:00,1.68413803
2025-08-31 09:00,2.17023945
2025-08-31 10:00,2.77293848
2025-08-31 11:00,2.98749970
2025-08-31 12:00,6.26025899
2025-08-31 13:00,9.24708886
2025-08-31 14:00,6.70544805
2025-08-31 15:00,10.98023497
2025-08-31 16:00,14.33913962
2025-08-31 17:00,8.64701884
2025-08-31 18:00,11.07089515
2025-08-31 19:00,10.12192484
2025-08-31 20:00,12.92626726
2025-08-31 21:00,11.42060224
2025-08-31 22:00,17.84986510
2025-08-31 23:00,15.79023744
2025-09-01 00:00,7.10470642
2025-09-01 01:00,8.57673250
2025-09-01 02:00,22.89297252
2025-09-01 03:00,17.24914157
2025-09-01 04:00,10.14196732
2025-09-01 05:00,19.39669027
2025-09-01 06:00,26.87772684
2025-09-01 07:00,23.21322817
2025-09-01 08:00,28.27151109
2025-09-01 09:00,22.98336056
2025-09-01 10:00,24.91423741
2025-09-01 11:00,24.92933826
2025-09-01 12:00,26.34273217
2025-09-01 13:00,35.83893849
2025-09-01 14:00,37.74543326
2025-09-01 15:00,31.78881395
2025-09-01 16:00,29.16979040
2025-09-01 17:00,25.75188814
2025-09-01 18:00,21.61414663
2025-09-01 19:00,21.19929651
2025-09-01 20:00,16.45470655
2025-09-01 21:00,9.10569058
2025-09-01 22:00,13.98780018
2025-09-01 23:00,8.57191631
2025-09-02 00:00,0.91878503
2025-09-02 01:00,0.68196497
2025-09-02 02:00,0.90847526
2025-09-02 03:00,0.67136678
2025-09-02 04:00,0.70063982
2025-09-02 05:00,1.81425487
2025-09-02 06:00,0.63206567
2025-09-02 07:00,0.25253449
2025-09-02 08:00,0.22414543
2025-09-02 09:00,0.31181982
2025-09-02 10:00,0.34983249
2025-09-02 11:00,0.23165123
2025-09-02 12:00,0.53181679
2025-09-02 13:00,1.91970008
2025-09-02 14:00,2.77102901
2025-09-02 15:00,3.17992622
2025-09-02 16:00,1.32667657
2025-09-02 17:00,1.08224201
2025-09-02 18:00,1.24446893
2025-09-02 19:00,1.19090927
2025-09-02 20:00,1.77692944
2025-09-02 21:00,0.86938244
2025-09-02 22:00,0.85400033
2025-09-02 23:00,0.81506458
2025-09-03 00:00,0.14639135
2025-09-03 01:00,0.02963068
2025-09-03 02:00,0.05145251
2025-09-03 03:00,0.00000000
2025-09-03 04:00,0.04481252
2025-09-03 05:00,0.37804956
2025-09-03 06:00,0.05081258
2025-09-03 07:00,0.01537755
2025-09-03 08:00,0.05955971
2025-09-03 09:00,0.07629784
2025-09-03 10:00,0.00073293
2025-09-03 11:00,0.02869380
2025-09-03 12:00,0.20830123
2025-09-03 13:00,0.03308832
2025-09-03 14:00,0.05407409
2025-09-03 15:00,0.66513805
2025-09-03 16:00,1.99408628
2025-09-03 17:00,1.74606867
2025-09-03 18:00,1.80832417
2025-09-03 19:00,2.89417945
2025-09-03 20:00,0.53161789
2025-09-03 21:00,0.29124631
2025-09-03 22:00,0.15813886
2025-09-03 23:00,0.49727883
2025-09-04 00:00,0.20284352
2025-09-04 01:00,0.15879747
2025-09-04 02:00,0.03044587
2025-09-04 03:00,0.86339848
2025-09-04 04:00,0.80999061
2025-09-04 05:00,0.43858736
2025-09-04 06:00,3.24003041
2025-09-04 07:00,3.26133599
2025-09-04 08:00,1.78118053
2025-09-04 09:00,1.50180549
2025-09-04 10:00,1.64937798
2025-09-04 11:00,2.74349439
2025-09-04 12:00,4.29171890
2025-09-04 13:00,4.69042382
2025-09-04 14:00,7.00143731
2025-09-04 15:00,9.20751354
2025-09-04 16:00,11.77287359
2025-09-04 17:00,14.67405071
2025-09-04 18:00,12.95297901
2025-09-04 19:00,11.06370470
2025-09-04 20:00,10.20853614
2025-09-04 21:00,8.17299107
2025-09-04 22:00,7.36375704
2025-09-04 23:00,7.24317372
2025-09-05 00:00,2.11428691
2025-09-05 01:00,0.80944145
2025-09-05 02:00,2.14491176
2025-09-05 03:00,0.40590811
2025-09-05 04:00,1.74105054
2025-09-05 05:00,0.98857414
2025-09-05 06:00,1.31589446
2025-09-05 07:00,1.07449217
2025-09-05 08:00,0.04024216
2025-09-05 09:00,0.03263481
2025-09-05 10:00,0.01718505
2025-09-05 11:00,0.18656724
2025-09-05 12:00,0.16278358
2025-09-05 13:00,2.04247313
2025-09-05 14:00,1.50257748
2025-09-05 15:00,2.16095447
2025-09-05 16:00,2.37761766
2025-09-05 17:00,2.04464894
2025-09-05 18:00,1.13416685
2025-09-05 19:00,0.40984131
2025-09-05 20:00,0.63786304
2025-09-05 21:00,0.31629511
2025-09-05 22:00,0.41541416
2025-09-05 23:00,0.81570970
2025-09-06 00:00,13.43616296
2025-09-06 01:00,23.30935151
2025-09-06 02:00,16.10224675
2025-09-06 03:00,20.37501222
2025-09-06 04:00,21.58392178
2025-09-06 05:00,16.97791282
2025-09-06 06:00,19.93437236
2025-09-06 07:00,27.54939297
2025-09-06 08:00,26.00994962
2025-09-06 09:00,32.68837727
2025-09-06 10:00,31.00608421
2025-09-06 11:00,23.45357726
2025-09-06 12:00,22.29320558
2025-09-06 13:00,26.46406416
2025-09-06 14:00,21.22010100
2025-09-06 15:00,27.73218302
2025-09-06 16:00,30.15029127
2025-09-06 17:00,28.40453919
2025-09-06 18:00,24.66109154
2025-09-06 19:00,30.05527663
2025-09-06 20:00,30.82034242
2025-09-06 21:00,28.84792529
2025-09-06 22:00,34.58908906
2025-09-06 23:00,23.82000103
2025-09-07 00:00,27.11862030
2025-09-07 01:00,18.89607900
2025-09-07 02:00,23.97502226
2025-09-07 03:00,18.54675554
2025-09-07 04:00,13.34146642
2025-09-07 05:00,11.58465152
2025-09-07 06:00,7.99043562
2025-09-07 07:00,3.45308645
2025-09-07 08:00,2.75462672
2025-09-07 09:00,2.62035850
2025-09-07 10:00,2.44494388
2025-09-07 11:00,3.66711576
2025-09-07 12:00,2.85861126
2025-09-07 13:00,3.28607252
2025-09-07 14:00,4.28250969
2025-09-07 15:00,3.58311739
2025-09-07 16:00,2.97800936
2025-09-07 17:00,4.20434455
2025-09-07 18:00,6.60913470
2025-09-07 19:00,6.51776788
2025-09-07 20:00,5.26728946
2025-09-07 21:00,1.67068363
2025-09-07 22:00,1.35733779
2025-09-07 23:00,1.07245336
2025-09-08 00:00,1.08134930
2025-09-08 01:00,0.98683875
2025-09-08 02:00,1.05406552
2025-09-08 03:00,1.75657893
2025-09-08 04:00,1.17306494
2025-09-08 05:00,1.02249425
2025-09-08 06:00,1.95824046
2025-09-08 07:00,1.78993031
2025-09-08 08:00,0.89659683
2025-09-08 09:00,0.29090955
2025-09-08 10:00,0.22523134
2025-09-08 11:00,0.25395812
2025-09-08 12:00,0.19632015
2025-09-08 13:00,1.40780175
2025-09-08 14:00,2.67322405
2025-09-08 15:00,0.69063905
2025-09-08 16:00,0.14793606
2025-09-08 17:00,0.23498680
2025-09-08 18:00,0.53751396
2025-09-08 19:00,1.02202534
2025-09-08 20:00,0.38247775
2025-09-08 21:00,1.13559949
2025-09-08 22:00,0.83254341
2025-09-08 23:00,2.43397987
2025-09-09 00:00,5.98124124
2025-09-09 01:00,4.67662559
2025-09-09 02:00,5.83464531
2025-09-09 03:00,4.19627156
2025-09-09 04:00,3.57836946
2025-09-09 05:00,2.99911431
2025-09-09 06:00,2.79669969
2025-09-09 07:00,2.78614592
2025-09-09 08:00,3.15754633
2025-09-09 09:00,2.90133160
2025-09-09 10:00,3.51308203
2025-09-09 11:00,6.02037150
2025-09-09 12:00,6.47582038
2025-09-09 13:00,4.48577979
2025-09-09 14:00,7.83388388
2025-09-09 15:00,6.25900291
2025-09-09 16:00,9.94557952
2025-09-09 17:00,18.88312473
2025-09-09 18:00,10.77446095
2025-09-09 19:00,6.05419097
2025-09-09 20:00,2.38764539
2025-09-09 21:00,1.96566152
2025-09-09 22:00,2.59324690
2025-09-09 23:00,2.22198729
2025-09-10 00:00,5.47105790
2025-09-10 01:00,6.64339626
2025-09-10 02:00,7.24856805
2025-09-10 03:00,7.75765096
2025-09-10 04:00,6.38087232
2025-09-10 05:00,8.85696672
2025-09-10 06:00,9.27475660
2025-09-10 07:00,5.91715976
2025-09-10 08:00,7.23905722
2025-09-10 09:00,8.69142947
2025-09-10 10:00,8.72900877
2025-09-10 11:00,11.16176445
2025-09-10 12:00,8.99361601
2025-09-10 13:00,10.40704594
2025-09-10 14:00,6.91273518
2025-09-10 15:00,8.65309636
2025-09-10 16:00,11.21322270
2025-09-10 17:00,16.57224821
2025-09-10 18:00,14.91143509
2025-09-10 19:00,14.98894512
2025-09-10 20:00,15.42855020
2025-09-10 21:00,11.73038833
2025-09-10 22:00,8.87030592
2025-09-10 23:00,9.50662359
2025-09-11 00:00,4.04134673
2025-09-11 01:00,1.63773201
2025-09-11 02:00,1.20164316
2025-09-11 03:00,1.50357102
2025-09-11 04:00,3.27232650
2025-09-11 05:00,5.14341840
2025-09-11 06:00,6.37649199
2025-09-11 07:00,5.06697214
2025-09-11 08:00,2.74435101
2025-09-11 09:00,4.34183345
2025-09-11 10:00,2.65774292
2025-09-11 11:00,1.84268914
2025-09-11 12:00,1.37623536
2025-09-11 13:00,1.25711194
2025-09-11 14:00,1.45586422
2025-09-11 15:00,2.10946371
2025-09-11 16:00,2.60518539
2025-09-11 17:00,4.11508051
2025-09-11 18:00,3.21117120
2025-09-11 19:00,3.37242513
2025-09-11 20:00,3.90102163
2025-09-11 21:00,4.01517606
2025-09-11 22:00,3.82627345
2025-09-11 23:00,5.26192352
2025-09-12 00:00,2.75336375
2025-09-12 01:00,4.65612539
2025-09-12 02:00,5.31611782
2025-09-12 03:00,7.06349715
2025-09-12 04:00,7.44182794
2025-09-12 05:00,7.68667122
2025-09-12 06:00,10.15590564
2025-09-12 07:00,10.35496469
2025-09-12 08:00,4.33816167
2025-09-12 09:00,5.00218996
2025-09-12 10:00,3.11955267
2025-09-12 11:00,2.39841618
2025-09-12 12:00,3.86698429
2025-09-12 13:00,3.00577909
2025-09-12 14:00,3.10193755
2025-09-12 15:00,2.82052780
2025-09-12 16:00,4.29821006
2025-09-12 17:00,7.51201731
2025-09-12 18:00,7.26604654
2025-09-12 19:00,7.11319431
2025-09-12 20:00,3.35289641
2025-09-12 21:00,3.74749228
2025-09-12 22:00,7.85245677
2025-09-12 23:00,3.07435598
2025-09-13 00:00,40.03009235
2025-09-13 01:00,46.88812284
2025-09-13 02:00,48.69025117
2025-09-13 03:00,49.68038713
2025-09-13 04:00,49.00602798
2025-09-13 05:00,47.95980516
2025-09-13 06:00,48.25936524
2025-09-13 07:00,45.72677607
2025-09-13 08:00,45.02106067
2025-09-13 09:00,45.59943483
2025-09-13 10:00,44.51128920
2025-09-13 11:00,33.46412633
2025-09-13 12:00,24.52329553
2025-09-13 13:00,14.80824163
2025-09-13 14:00,15.29535622
2025-09-13 15:00,9.64199006
2025-09-13 16:00,11.65461145
2025-09-13 17:00,6.88396318
2025-09-13 18:00,4.10566277
2025-09-13 19:00,1.95765341
2025-09-13 20:00,0.91192972
2025-09-13 21:00,2.14538516
2025-09-13 22:00,1.99116722
2025-09-13 23:00,2.27809855
2025-09-14 00:00,1.09875063
2025-09-14 01:00,1.65628369
2025-09-14 02:00,1.11275340
2025-09-14 03:00,1.37652627
2025-09-14 04:00,3.06844312
2025-09-14 05:00,1.08089159
2025-09-14 06:00,1.13460255
2025-09-14 07:00,0.68661808
2025-09-14 08:00,0.61778909
2025-09-14 09:00,0.51768486
2025-09-14 10:00,0.01660921
2025-09-14 11:00,0.08715857
2025-09-14 12:00,0.50553378
2025-09-14 13:00,0.96354815
2025-09-14 14:00,0.73984022
2025-09-14 15:00,0.77039330
2025-09-14 16:00,0.28495047
2025-09-14 17:00,0.40210111
2025-09-14 18:00,0.23751171
2025-09-14 19:00,0.29755337
2025-09-14 20:00,0.47219586
2025-09-14 21:00,0.61055289
2025-09-14 22:00,0.10657368
2025-09-14 23:00,0.12530147
2025-09-15 00:00,0.19524041
2025-09-15 01:00,0.49724139
2025-09-15 02:00,0.53368888
2025-09-15 03:00,0.48413820
2025-09-15 04:00,0.80188436
2025-09-15 05:00,1.01279499
2025-09-15 06:00,1.07625624
2025-09-15 07:00,0.97921101
2025-09-15 08:00,0.59746362
2025-09-15 09:00,0.87653767
2025-09-15 10:00,0.70264041
2025-09-15 11:00,0.13599213
2025-09-15 12:00,0.24238693
2025-09-15 13:00,0.26738298
2025-09-15 14:00,0.24365340
2025-09-15 15:00,0.25726029
2025-09-15 16:00,0.31674980
2025-09-15 17:00,0.34321914
2025-09-15 18:00,0.36714746
2025-09-15 19:00,0.82059590
2025-09-15 20:00,0.29793626
2025-09-15 21:00,0.52804559
2025-09-15 22:00,0.17454001
2025-09-15 23:00,0.22551662
2025-09-16 00:00,0.70441932
2025-09-16 01:00,0.63852794
2025-09-16 02:00,0.42958314
2025-09-16 03:00,0.46727217
2025-09-16 04:00,0.59245519
2025-09-16 05:00,0.79936238
2025-09-16 06:00,0.60619533
2025-09-16 07:00,0.66787817
2025-09-16 08:00,1.35938720
2025-09-16 09:00,1.61745999
2025-09-16 10:00,1.04240551
2025-09-16 11:00,2.53364345
2025-09-16 12:00,6.07180503
2025-09-16 13:00,9.01143520
2025-09-16 14:00,8.85298164
2025-09-16 15:00,10.60558859
2025-09-16 16:00,14.40613149
2025-09-16 17:00,19.82543428
2025-09-16 18:00,21.15752430
2025-09-16 19:00,18.34528931
2025-09-16 20:00,21.71890481
2025-09-16 21:00,13.70893544
2025-09-16 22:00,8.86527300
2025-09-16 23:00,12.79687021
2025-09-17 00:00,32.01955735
2025-09-17 01:00,33.87660447
2025-09-17 02:00,33.55406414
2025-09-17 03:00,32.09557855
2025-09-17 04:00,30.94891317
2025-09-17 05:00,29.48632523
2025-09-17 06:00,26.84873399
2025-09-17 07:00,20.78595687
2025-09-17 08:00,24.05390681
2025-09-17 09:00,21.66739648
2025-09-17 10:00,26.03467539
2025-09-17 11:00,36.23463079
2025-09-17 12:00,27.16375524
2025-09-17 13:00,18.41302322
2025-09-17 14:00,24.74134842
2025-09-17 15:00,22.26416895
2025-09-17 16:00,17.01138809
2025-09-17 17:00,20.94585470
2025-09-17 18:00,22.04012732
2025-09-17 19:00,30.17263290
2025-09-17 20:00,26.53543798
2025-09-17 21:00,19.21129353
2025-09-17 22:00,21.53160947
2025-09-17 23:00,14.65758352
2025-09-18 00:00,10.17057903
2025-09-18 01:00,6.83995503
2025-09-18 02:00,6.98727085
2025-09-18 03:00,7.96526982
2025-09-18 04:00,13.19805349
2025-09-18 05:00,7.36221144
2025-09-18 06:00,8.93959207
2025-09-18 07:00,5.43935201
2025-09-18 08:00,3.09894805
2025-09-18 09:00,2.87919570
2025-09-18 10:00,2.48216049
2025-09-18 11:00,1.32798144
2025-09-18 12:00,0.88962537
2025-09-18 13:00,0.71211963
2025-09-18 14:00,1.24694076
2025-09-18 15:00,1.38218656
2025-09-18 16:00,0.87691777
2025-09-18 17:00,0.60800925
2025-09-18 18:00,0.44460216
2025-09-18 19:00,0.64892103
2025-09-18 20:00,0.73121614
2025-09-18 21:00,0.21119261
2025-09-18 22:00,0.48747983
2025-09-18 23:00,1.07906627
2025-09-19 00:00,3.00116975
2025-09-19 01:00,3.79564101
2025-09-19 02:00,2.95369460
2025-09-19 03:00,2.67247553
2025-09-19 04:00,3.68167070
2025-09-19 05:00,4.19031419
2025-09-19 06:00,4.24207878
2025-09-19 07:00,3.97361683
2025-09-19 08:00,4.89227721
2025-09-19 09:00,6.20735179
2025-09-19 10:00,5.95343803
2025-09-19 11:00,7.48177528
2025-09-19 12:00,6.38520170
2025-09-19 13:00,10.88165783
2025-09-19 14:00,9.04241380
2025-09-19 15:00,7.11592466
2025-09-19 16:00,7.86640816
2025-09-19 17:00,11.45304022
2025-09-19 18:00,17.28969187
2025-09-19 19:00,19.29975410
2025-09-19 20:00,13.55494447
2025-09-19 21:00,16.77090716
2025-09-19 22:00,23.66416707
2025-09-19 23:00,27.10044717
2025-09-20 00:00,48.60318783
2025-09-20 01:00,50.86818341
2025-09-20 02:00,51.54541307
2025-09-20 03:00,51.36612576
2025-09-20 04:00,49.66078488
2025-09-20 05:00,44.09514557
2025-09-20 06:00,36.88202627
2025-09-20 07:00,18.45202955
2025-09-20 08:00,13.83580880
2025-09-20 09:00,19.78145906
2025-09-20 10:00,26.39181623
2025-09-20 11:00,28.39553944
2025-09-20 12:00,22.34564092
2025-09-20 13:00,28.00436933
2025-09-20 14:00,30.30219642
2025-09-20 15:00,28.62924541
2025-09-20 16:00,39.25154736
2025-09-20 17:00,38.86136730
2025-09-20 18:00,34.70385017
2025-09-20 19:00,33.95179442
2025-09-20 20:00,24.16008295
2025-09-20 21:00,13.09453031
2025-09-20 22:00,9.67119862
2025-09-20 23:00,7.03249170
2025-09-21 00:00,7.35394212
2025-09-21 01:00,5.82402761
2025-09-21 02:00,3.65831877
2025-09-21 03:00,8.67281841
2025-09-21 04:00,8.19128116
2025-09-21 05:00,8.41422220
2025-09-21 06:00,9.18980124
2025-09-21 07:00,9.68286018
2025-09-21 08:00,10.62344012
2025-09-21 09:00,12.62068795
2025-09-21 10:00,9.42370252
2025-09-21 11:00,8.51647145
2025-09-21 12:00,9.91738769
2025-09-21 13:00,7.81148332
2025-09-21 14:00,13.75249997
2025-09-21 15:00,16.88098057
2025-09-21 16:00,23.44464461
2025-09-21 17:00,25.10703537
2025-09-21 18:00,20.80189600
2025-09-21 19:00,20.69216891
2025-09-21 20:00,19.63882713
2025-09-21 21:00,18.99667416
2025-09-21 22:00,8.59432790
2025-09-21 23:00,8.49306129
2025-09-22 00:00,5.65566442
2025-09-22 01:00,4.73340236
2025-09-22 02:00,5.23278851
2025-09-22 03:00,7.25061002
2025-09-22 04:00,7.37808248
2025-09-22 05:00,7.24745432
2025-09-22 06:00,5.59232850
2025-09-22 07:00,4.73259483
2025-09-22 08:00,3.24671067
2025-09-22 09:00,2.01204034
2025-09-22 10:00,2.30268385
2025-09-22 11:00,2.34736048
2025-09-22 12:00,2.11539274
2025-09-22 13:00,1.99537319
2025-09-22 14:00,1.34251600
2025-09-22 15:00,2.09730651
2025-09-22 16:00,2.79464484
2025-09-22 17:00,5.70057475
2025-09-22 18:00,6.58523233
2025-09-22 19:00,6.45036296
2025-09-22 20:00,5.59369911
2025-09-22 21:00,6.42107617
2025-09-22 22:00,5.89935620
2025-09-22 23:00,6.28587091
2025-09-23 00:00,4.30965837
2025-09-23 01:00,5.23632495
2025-09-23 02:00,7.99937414
2025-09-23 03:00,7.78185703
2025-09-23 04:00,6.74143826
2025-09-23 05:00,6.09077381
2025-09-23 06:00,3.95227043
2025-09-23 07:00,3.92422226
2025-09-23 08:00,2.72869786
2025-09-23 09:00,3.65960362
2025-09-23 10:00,2.41802803
2025-09-23 11:00,2.15148574
2025-09-23 12:00,1.44014962
2025-09-23 13:00,1.91970916
2025-09-23 14:00,3.10830996
2025-09-23 15:00,4.33380745
2025-09-23 16:00,7.31725911
2025-09-23 17:00,9.18180421
2025-09-23 18:00,6.81096138
2025-09-23 19:00,5.93175191
2025-09-23 20:00,5.08168965
2025-09-23 21:00,3.45062051
2025-09-23 22:00,3.39865790
2025-09-23 23:00,5.78191805
2025-09-24 00:00,3.57401292
2025-09-24 01:00,4.16354419
2025-09-24 02:00,7.43556834
2025-09-24 03:00,7.30439832
2025-09-24 04:00,5.76031187
2025-09-24 05:00,7.48212093
2025-09-24 06:00,8.27103014
2025-09-24 07:00,12.05457431
2025-09-24 08:00,18.63688657
2025-09-24 09:00,21.87931122
2025-09-24 10:00,20.77504808
2025-09-24 11:00,29.06903352
2025-09-24 12:00,28.00110554
2025-09-24 13:00,21.64272371
2025-09-24 14:00,23.11661304
2025-09-24 15:00,21.84059128
2025-09-24 16:00,27.75680238
2025-09-24 17:00,30.20256487
2025-09-24 18:00,24.16606532
2025-09-24 19:00,14.96503428
2025-09-24 20:00,12.07133976
2025-09-24 21:00,11.77961171
2025-09-24 22:00,7.83330209
2025-09-24 23:00,10.47340919
2025-09-25 00:00,3.96640626
2025-09-25 01:00,2.75371025
2025-09-25 02:00,4.20419122
2025-09-25 03:00,3.84523103
2025-09-25 04:00,3.66646825
2025-09-25 05:00,4.30622357
2025-09-25 06:00,7.76899983
2025-09-25 07:00,11.87777330
2025-09-25 08:00,14.67986670
2025-09-25 09:00,13.19758624
2025-09-25 10:00,6.02015355
2025-09-25 11:00,3.63301046
2025-09-25 12:00,2.31103671
2025-09-25 13:00,1.60598870
2025-09-25 14:00,1.27245124
2025-09-25 15:00,1.17289423
2025-09-25 16:00,1.51256815
2025-09-25 17:00,1.29260781
2025-09-25 18:00,1.12675959
2025-09-25 19:00,1.43391016
2025-09-25 20:00,1.96831967
2025-09-25 21:00,2.30754281
2025-09-25 22:00,1.68444993
2025-09-25 23:00,1.09171160
2025-09-26 00:00,2.21532545
2025-09-26 01:00,2.22366806
2025-09-26 02:00,4.49338509
2025-09-26 03:00,7.44005178
2025-09-26 04:00,5.35598136
2025-09-26 05:00,8.01867061
2025-09-26 06:00,11.08620611
2025-09-26 07:00,6.61223199
2025-09-26 08:00,4.55190753
2025-09-26 09:00,6.79183890
2025-09-26 10:00,3.24597494
2025-09-26 11:00,1.58525380
2025-09-26 12:00,1.34864723
2025-09-26 13:00,3.09425856
2025-09-26 14:00,4.58908518
2025-09-26 15:00,8.37324032
2025-09-26 16:00,12.59750593
2025-09-26 17:00,11.63675809
2025-09-26 18:00,8.18053260
2025-09-26 19:00,8.13772154
2025-09-26 20:00,8.19004501
2025-09-26 21:00,6.62098916
2025-09-26 22:00,5.51845994
2025-09-26 23:00,3.68483911
2025-09-27 00:00,3.23202341
2025-09-27 01:00,2.58110667
2025-09-27 02:00,2.72034602
2025-09-27 03:00,4.53735084
2025-09-27 04:00,2.64744260
2025-09-27 05:00,0.93012204
2025-09-27 06:00,0.59402469
2025-09-27 07:00,0.56102407
2025-09-27 08:00,0.66575444
2025-09-27 09:00,0.50615655
2025-09-27 10:00,1.01342785
2025-09-27 11:00,1.00947180
2025-09-27 12:00,0.80247676
2025-09-27 13:00,1.80038105
2025-09-27 14:00,2.68335870
2025-09-27 15:00,3.05912080
2025-09-27 16:00,4.53055397
2025-09-27 17:00,6.63894772
2025-09-27 18:00,4.49275237
2025-09-27 19:00,1.54901393
2025-09-27 20:00,0.82791160
2025-09-27 21:00,0.54470242
2025-09-27 22:00,0.39611614
2025-09-27 23:00,0.41059898
2025-09-28 00:00,1.11475427
2025-09-28 01:00,1.41509626
2025-09-28 02:00,1.99088613
2025-09-28 03:00,3.72986728
2025-09-28 04:00,4.80522975
2025-09-28 05:00,8.99739448
2025-09-28 06:00,18.01998066
2025-09-28 07:00,16.75429106
2025-09-28 08:00,16.65200807
2025-09-28 09:00,25.48526426
2025-09-28 10:00,23.14043482
2025-09-28 11:00,16.37524026
2025-09-28 12:00,16.26212382
2025-09-28 13:00,14.99491831
2025-09-28 14:00,27.76731756
2025-09-28 15:00,8.26937153
2025-09-28 16:00,4.12886290
2025-09-28 17:00,6.47619585
2025-09-28 18:00,7.25939341
2025-09-28 19:00,6.81062392
2025-09-28 20:00,6.78983431
2025-09-28 21:00,9.67390947
2025-09-28 22:00,7.23493701
2025-09-28 23:00,6.04520355
2025-09-29 00:00,2.73156615
2025-09-29 01:00,5.49615478
2025-09-29 02:00,3.06251714
2025-09-29 03:00,5.50039372
2025-09-29 04:00,8.17079226
2025-09-29 05:00,7.12627239
2025-09-29 06:00,6.70214862
2025-09-29 07:00,4.67302520
2025-09-29 08:00,2.57792103
2025-09-29 09:00,1.91745037
2025-09-29 10:00,2.29534114
2025-09-29 11:00,1.06478033
2025-09-29 12:00,0.14887409
2025-09-29 13:00,0.04504171
2025-09-29 14:00,0.48622450
2025-09-29 15:00,1.37833860
2025-09-29 16:00,0.97636550
2025-09-29 17:00,1.03756406
2025-09-29 18:00,0.99514796
2025-09-29 19:00,1.50524537
2025-09-29 20:00,1.14704785
2025-09-29 21:00,0.48502282
2025-09-29 22:00,0.66044583
2025-09-29 23:00,0.15166860
2025-09-30 00:00,0.36110079
2025-09-30 01:00,0.55389910
2025-09-30 02:00,0.53059651
2025-09-30 03:00,0.25419384
2025-09-30 04:00,0.49950831
2025-09-30 05:00,0.35329160
2025-09-30 06:00,0.21300073
2025-09-30 07:00,0.15271911
2025-09-30 08:00,0.10226181
2025-09-30 09:00,0.01205101
2025-09-30 10:00,0.03978802
2025-09-30 11:00,0.00010150
2025-09-30 12:00,0.08065091
2025-09-30 13:00,0.06515390
2025-09-30 14:00,0.66825820
2025-09-30 15:00,1.86746333
2025-09-30 16:00,3.31471847
2025-09-30 17:00,3.34490854
2025-09-30 18:00,4.00557435
2025-09-30 19:00,1.05246440
2025-09-30 20:00,1.86047348
2025-09-30 21:00,1.98746207
2025-09-30 22:00,0.77367654
2025-09-30 23:00,1.40648541
2025-10-01 00:00,1.35959579
2025-10-01 01:00,1.98758508
2025-10-01 02:00,1.62169316
2025-10-01 03:00,1.67021939
2025-10-01 04:00,2.76331595
2025-10-01 05:00,1.85096967
2025-10-01 06:00,1.95786908
2025-10-01 07:00,1.28917159
2025-10-01 08:00,0.53358351
2025-10-01 09:00,0.32066068
2025-10-01 10:00,0.40131910
2025-10-01 11:00,0.43708332
2025-10-01 12:00,0.61314114
2025-10-01 13:00,0.99707925
2025-10-01 14:00,1.62563787
2025-10-01 15:00,2.81484657
2025-10-01 16:00,4.89642001
2025-10-01 17:00,8.61551314
2025-10-01 18:00,9.31981562
2025-10-01 19:00,10.07895753
2025-10-01 20:00,9.55467158
2025-10-01 21:00,3.86473971
2025-10-01 22:00,1.46363541
2025-10-01 23:00,0.84911295
2025-10-02 00:00,1.02571098
2025-10-02 01:00,0.47339066
2025-10-02 02:00,0.90131196
2025-10-02 03:00,1.06737668
2025-10-02 04:00,2.36233301
2025-10-02 05:00,0.96407051
2025-10-02 06:00,1.10609561
2025-10-02 07:00,1.08133515
2025-10-02 08:00,0.77954146
2025-10-02 09:00,0.30478714
2025-10-02 10:00,0.31330302
2025-10-02 11:00,0.19305531
2025-10-02 12:00,0.25455774
2025-10-02 13:00,0.25394033
2025-10-02 14:00,0.81137013
2025-10-02 15:00,0.69215836
2025-10-02 16:00,0.59852377
2025-10-02 17:00,1.16161830
2025-10-02 18:00,0.31719614
2025-10-02 19:00,0.46172104
2025-10-02 20:00,0.69998596
2025-10-02 21:00,0.30586904
2025-10-02 22:00,0.57117470
2025-10-02 23:00,2.02569950
2025-10-03 00:00,1.35692200
2025-10-03 01:00,7.60226021
2025-10-03 02:00,10.07629635
2025-10-03 03:00,5.87407798
2025-10-03 04:00,7.64602317
2025-10-03 05:00,8.59650121
2025-10-03 06:00,8.96541130
2025-10-03 07:00,19.08992276
2025-10-03 08:00,27.79226381
2025-10-03 09:00,29.72101982
2025-10-03 10:00,24.11182967
2025-10-03 11:00,26.38238529
2025-10-03 12:00,24.25794483
2025-10-03 13:00,17.97812335
2025-10-03 14:00,22.26262763
2025-10-03 15:00,20.84289595
2025-10-03 16:00,20.11988374
2025-10-03 17:00,23.78722413
2025-10-03 18:00,34.48143444
2025-10-03 19:00,37.52206151
2025-10-03 20:00,39.63893539
2025-10-03 21:00,41.75568992
2025-10-03 22:00,39.14656702
2025-10-03 23:00,36.05685235
2025-10-04 00:00,5.58748539
2025-10-04 01:00,3.20402580
2025-10-04 02:00,2.71712593
2025-10-04 03:00,2.35591022
2025-10-04 04:00,3.23691599
2025-10-04 05:00,4.42077737
2025-10-04 06:00,2.58688634
2025-10-04 07:00,2.52497275
2025-10-04 08:00,3.65575179
2025-10-04 09:00,2.33847194
2025-10-04 10:00,2.71824367
2025-10-04 11:00,2.11318422
2025-10-04 12:00,2.51865061
2025-10-04 13:00,2.12669220
2025-10-04 14:00,3.17060572
2025-10-04 15:00,3.01553687
2025-10-04 16:00,2.89954459
2025-10-04 17:00,2.47661691
2025-10-04 18:00,2.27813420
2025-10-04 19:00,1.28721454
2025-10-04 20:00,1.18551702
2025-10-04 21:00,2.35710142
2025-10-04 22:00,1.17613426
2025-10-04 23:00,1.06030397
2025-10-05 00:00,0.57349774
2025-10-05 01:00,0.12666089
2025-10-05 02:00,0.31456886
2025-10-05 03:00,0.24089218
2025-10-05 04:00,0.25358269
2025-10-05 05:00,0.74777147
2025-10-05 06:00,0.67391421
2025-10-05 07:00,0.46521331
2025-10-05 08:00,0.57055853
2025-10-05 09:00,0.07988712
2025-10-05 10:00,0.44043385
2025-10-05 11:00,0.19310811
2025-10-05 12:00,0.29480512
2025-10-05 13:00,0.77586738
2025-10-05 14:00,0.29597594
2025-10-05 15:00,0.29023877
2025-10-05 16:00,0.83506154
2025-10-05 17:00,0.26586851
2025-10-05 18:00,0.46450078
2025-10-05 19:00,0.54230834
2025-10-05 20:00,0.21344725
2025-10-05 21:00,0.39269022
2025-10-05 22:00,0.29163878
2025-10-05 23:00,0.20791008
2025-10-06 00:00,0.63993827
2025-10-06 01:00,0.87144085
2025-10-06 02:00,1.03165150
2025-10-06 03:00,0.94863710
2025-10-06 04:00,1.09750461
2025-10-06 05:00,1.31286185
2025-10-06 06:00,3.40952396
2025-10-06 07:00,5.02161368
2025-10-06 08:00,7.24341479
2025-10-06 09:00,9.89631033
2025-10-06 10:00,7.48300740
2025-10-06 11:00,7.91240192
2025-10-06 12:00,13.20683028
2025-10-06 13:00,12.58763134
2025-10-06 14:00,9.11898106
2025-10-06 15:00,10.34995397
2025-10-06 16:00,8.53203416
2025-10-06 17:00,13.51162965
2025-10-06 18:00,22.48251804
2025-10-06 19:00,28.42913873
2025-10-06 20:00,39.59219269
2025-10-06 21:00,44.35878251
2025-10-06 22:00,41.72228708
2025-10-06 23:00,40.83934752
2025-10-07 00:00,40.04993296
2025-10-07 01:00,38.11179886
2025-10-07 02:00,40.14440867
2025-10-07 03:00,40.43329676
2025-10-07 04:00,39.05819020
2025-10-07 05:00,34.95822591
2025-10-07 06:00,30.81999876
2025-10-07 07:00,26.42505084
2025-10-07 08:00,15.69775453
2025-10-07 09:00,4.38596457
2025-10-07 10:00,4.82756801
2025-10-07 11:00,5.46222113
2025-10-07 12:00,8.40499864
2025-10-07 13:00,7.33689703
2025-10-07 14:00,7.56860970
2025-10-07 15:00,9.07217589
2025-10-07 16:00,6.48110381
2025-10-07 17:00,7.02778039
2025-10-07 18:00,4.17091741
2025-10-07 19:00,3.89561662
2025-10-07 20:00,2.95278305
2025-10-07 21:00,2.50694202
2025-10-07 22:00,1.32079992
2025-10-07 23:00,0.88971554
2025-10-08 00:00,3.06892468
2025-10-08 01:00,3.95604384
2025-10-08 02:00,6.05360010
2025-10-08 03:00,7.94375407
2025-10-08 04:00,8.60723790
2025-10-08 05:00,9.30678819
2025-10-08 06:00,11.69223382
2025-10-08 07:00,12.99425494
2025-10-08 08:00,15.41929299
2025-10-08 09:00,12.71315899
2025-10-08 10:00,12.63363017
2025-10-08 11:00,11.09800243
2025-10-08 12:00,10.10644365
2025-10-08 13:00,9.39209242
2025-10-08 14:00,11.96221679
2025-10-08 15:00,12.30226197
2025-10-08 16:00,15.42559996
2025-10-08 17:00,16.33331571
2025-10-08 18:00,14.51231562
2025-10-08 19:00,10.25728816
2025-10-08 20:00,8.25616553
2025-10-08 21:00,7.94108617
2025-10-08 22:00,3.80513155
2025-10-08 23:00,4.45731537
2025-10-09 00:00,3.19487443
2025-10-09 01:00,2.20042849
2025-10-09 02:00,2.56149782
2025-10-09 03:00,3.27044696
2025-10-09 04:00,4.95875263
2025-10-09 05:00,5.15474872
2025-10-09 06:00,5.46259901
2025-10-09 07:00,4.54895981
2025-10-09 08:00,3.79843064
2025-10-09 09:00,3.47376942
2025-10-09 10:00,1.80627553
2025-10-09 11:00,2.18480153
2025-10-09 12:00,1.99216640
2025-10-09 13:00,2.23716977
2025-10-09 14:00,1.74063006
2025-10-09 15:00,1.84584495
2025-10-09 16:00,2.25283357
2025-10-09 17:00,4.02419846
2025-10-09 18:00,3.29371813
2025-10-09 19:00,3.08963621
2025-10-09 20:00,9.55566668
2025-10-09 21:00,8.19603408
2025-10-09 22:00,3.24352624
2025-10-09 23:00,3.12613637
2025-10-10 00:00,7.50591078
2025-10-10 01:00,4.01684058
2025-10-10 02:00,4.47086569
2025-10-10 03:00,6.58011834
2025-10-10 04:00,2.37714403
2025-10-10 05:00,2.16372543
2025-10-10 06:00,2.66318318
2025-10-10 07:00,1.70583103
2025-10-10 08:00,1.06418295
2025-10-10 09:00,2.07671022
2025-10-10 10:00,0.70285150
2025-10-10 11:00,0.00756184
2025-10-10 12:00,0.00756184
2025-10-10 13:00,0.11304081
2025-10-10 14:00,2.12464365
2025-10-10 15:00,1.63790663
2025-10-10 16:00,1.03054037
2025-10-10 17:00,0.82942857
2025-10-10 18:00,0.33259449
2025-10-10 19:00,1.02511998
2025-10-10 20:00,0.67667879
2025-10-10 21:00,0.74084847
2025-10-10 22:00,2.63782304
2025-10-10 23:00,1.07424697
2025-10-11 00:00,6.98967715
2025-10-11 01:00,3.31190709
2025-10-11 02:00,3.04464918
2025-10-11 03:00,3.07155524
2025-10-11 04:00,3.28593175
2025-10-11 05:00,2.47616482
2025-10-11 06:00,2.40620484
2025-10-11 07:00,2.51509701
2025-10-11 08:00,2.41528853
2025-10-11 09:00,1.88294832
2025-10-11 10:00,2.20296538
2025-10-11 11:00,2.31212507
2025-10-11 12:00,2.30059954
2025-10-11 13:00,2.98460562
2025-10-11 14:00,4.89752184
2025-10-11 15:00,4.75985181
2025-10-11 16:00,3.25027062
2025-10-11 17:00,2.17433418
2025-10-11 18:00,1.94120106
2025-10-11 19:00,1.86979664
2025-10-11 20:00,4.10560965
2025-10-11 21:00,7.39576489
2025-10-11 22:00,4.40526810
2025-10-11 23:00,6.73457889
2025-10-12 00:00,5.40304392
2025-10-12 01:00,4.45214932
2025-10-12 02:00,4.92128565
2025-10-12 03:00,3.11071107
2025-10-12 04:00,2.00080758
2025-10-12 05:00,1.80950768
2025-10-12 06:00,3.93732957
2025-10-12 07:00,1.61697864
2025-10-12 08:00,1.62533797
2025-10-12 09:00,2.05353112
2025-10-12 10:00,3.55908173
2025-10-12 11:00,0.73960704
2025-10-12 12:00,1.67802377
2025-10-12 13:00,1.27198309
2025-10-12 14:00,1.02738324
2025-10-12 15:00,0.99525030
2025-10-12 16:00,1.50541898
2025-10-12 17:00,4.12312178
2025-10-12 18:00,2.03840482
2025-10-12 19:00,0.50690349
2025-10-12 20:00,0.63455640
2025-10-12 21:00,0.43831943
2025-10-12 22:00,0.00056370
2025-10-12 23:00,0.09339977
2025-10-13 00:00,1.95117025
2025-10-13 01:00,1.81848387
2025-10-13 02:00,0.52484054
2025-10-13 03:00,0.39487183
2025-10-13 04:00,1.30358036
2025-10-13 05:00,1.04828047
2025-10-13 06:00,1.07650688
2025-10-13 07:00,2.60124539
2025-10-13 08:00,5.19385911
2025-10-13 09:00,5.84494075
2025-10-13 10:00,6.67645066
2025-10-13 11:00,10.94402943
2025-10-13 12:00,12.34217228
2025-10-13 13:00,21.99708372
2025-10-13 14:00,26.80412718
2025-10-13 15:00,28.67348890
2025-10-13 16:00,27.64953792
2025-10-13 17:00,20.79042907
2025-10-13 18:00,18.23270317
2025-10-13 19:00,13.13343469
2025-10-13 20:00,10.46157471
2025-10-13 21:00,6.19428077
2025-10-13 22:00,6.76947880
2025-10-13 23:00,7.06505016
2025-10-14 00:00,1.16481945
2025-10-14 01:00,3.28822632
2025-10-14 02:00,2.74808136
2025-10-14 03:00,3.88361599
2025-10-14 04:00,6.92689290
2025-10-14 05:00,6.15688896
2025-10-14 06:00,5.23840718
2025-10-14 07:00,5.48768958
2025-10-14 08:00,2.81114861
2025-10-14 09:00,2.65901593
2025-10-14 10:00,1.71208332
2025-10-14 11:00,1.08612863
2025-10-14 12:00,1.10528352
2025-10-14 13:00,1.07239561
2025-10-14 14:00,0.15869487
2025-10-14 15:00,0.41369678
2025-10-14 16:00,0.19197570
2025-10-14 17:00,0.12048976
2025-10-14 18:00,1.22275854
2025-10-14 19:00,0.78791963
2025-10-14 20:00,1.41227554
2025-10-14 21:00,1.94736403
2025-10-14 22:00,1.43273909
2025-10-14 23:00,3.24953504
2025-10-15 00:00,2.53538248
2025-10-15 01:00,2.58200643
2025-10-15 02:00,3.78697652
2025-10-15 03:00,4.64796538
2025-10-15 04:00,4.24068179
2025-10-15 05:00,5.84241245
2025-10-15 06:00,4.46194536
2025-10-15 07:00,3.81488396
2025-10-15 08:00,1.91757045
2025-10-15 09:00,1.16186189
2025-10-15 10:00,0.47894309
2025-10-15 11:00,0.03128745
2025-10-15 12:00,0.49134407
2025-10-15 13:00,0.31040412
2025-10-15 14:00,0.01750243
2025-10-15 15:00,0.22547448
2025-10-15 16:00,0.61720069
2025-10-15 17:00,6.12148085
2025-10-15 18:00,4.18323754
2025-10-15 19:00,3.49577157
2025-10-15 20:00,4.25268681
2025-10-15 21:00,5.89145107
2025-10-15 22:00,10.63920774
2025-10-15 23:00,15.58956433
2025-10-16 00:00,43.45934894
2025-10-16 01:00,47.19594396
2025-10-16 02:00,44.58448281
2025-10-16 03:00,44.97028019
2025-10-16 04:00,45.24768256
2025-10-16 05:00,45.23339231
2025-10-16 06:00,20.15808267
2025-10-16 07:00,13.99501794
2025-10-16 08:00,21.98538017
2025-10-16 09:00,15.88864368
2025-10-16 10:00,13.95900794
2025-10-16 11:00,10.11858318
2025-10-16 12:00,14.06473303
2025-10-16 13:00,18.03758929
2025-10-16 14:00,21.58274622
2025-10-16 15:00,24.75859565
2025-10-16 16:00,24.04466941
2025-10-16 17:00,24.25228481
2025-10-16 18:00,20.89609623
2025-10-16 19:00,19.94436655
2025-10-16 20:00,17.97747821
2025-10-16 21:00,15.08880870
2025-10-16 22:00,14.83052428
2025-10-16 23:00,12.36874651
2025-10-17 00:00,6.76034051
2025-10-17 01:00,9.08586407
2025-10-17 02:00,4.96152915
2025-10-17 03:00,4.81692552
2025-10-17 04:00,6.78626211
2025-10-17 05:00,6.58176294
2025-10-17 06:00,4.12440989
2025-10-17 07:00,4.57770135
2025-10-17 08:00,4.95864266
2025-10-17 09:00,2.84662151
2025-10-17 10:00,3.06163568
2025-10-17 11:00,2.58223809
2025-10-17 12:00,2.84600159
2025-10-17 13:00,3.31587070
2025-10-17 14:00,2.66681962
2025-10-17 15:00,4.98251612
2025-10-17 16:00,8.45976807
2025-10-17 17:00,4.77801954
2025-10-17 18:00,9.11594206
2025-10-17 19:00,19.11229039
2025-10-17 20:00,13.50093795
2025-10-17 21:00,13.34169608
2025-10-17 22:00,29.98339279
2025-10-17 23:00,16.02789968
2025-10-18 00:00,10.90861807
2025-10-18 01:00,27.74299177
2025-10-18 02:00,36.84763855
2025-10-18 03:00,34.66701902
2025-10-18 04:00,39.40142318
2025-10-18 05:00,28.27170219
2025-10-18 06:00,21.32302233
2025-10-18 07:00,24.82874748
2025-10-18 08:00,27.12123264
2025-10-18 09:00,26.72169024
2025-10-18 10:00,32.67014987
2025-10-18 11:00,36.09256939
2025-10-18 12:00,48.00756087
2025-10-18 13:00,45.87382774
2025-10-18 14:00,42.12076726
2025-10-18 15:00,41.46992916
2025-10-18 16:00,36.34084576
2025-10-18 17:00,37.31383293
2025-10-18 18:00,34.18877769
2025-10-18 19:00,26.90762535
2025-10-18 20:00,21.30526740
2025-10-18 21:00,15.41812999
2025-10-18 22:00,14.23260120
2025-10-18 23:00,14.48046367
2025-10-19 00:00,10.63114793
2025-10-19 01:00,10.83638597
2025-10-19 02:00,10.65707574
2025-10-19 03:00,9.77826280
2025-10-19 04:00,9.68918511
2025-10-19 05:00,10.36299162
2025-10-19 06:00,8.62423752
2025-10-19 07:00,4.49073260
2025-10-19 08:00,3.63105327
2025-10-19 09:00,3.94987962
2025-10-19 10:00,4.24760068
2025-10-19 11:00,4.38253175
2025-10-19 12:00,6.18238064
2025-10-19 13:00,9.69375834
2025-10-19 14:00,17.76307551
2025-10-19 15:00,25.29934907
2025-10-19 16:00,31.39930811
2025-10-19 17:00,38.94414787
2025-10-19 18:00,40.49080745
2025-10-19 19:00,44.45419283
2025-10-19 20:00,45.88810452
2025-10-19 21:00,48.10252474
2025-10-19 22:00,48.49809921
2025-10-19 23:00,48.48795126
2025-10-20 00:00,57.36252053
2025-10-20 01:00,55.86088084
2025-10-20 02:00,57.23396324
2025-10-20 03:00,55.83061337
2025-10-20 04:00,53.97256850
2025-10-20 05:00,52.90826504
2025-10-20 06:00,47.22365169
2025-10-20 07:00,35.66211709
2025-10-20 08:00,40.45802554
2025-10-20 09:00,45.72041462
2025-10-20 10:00,41.87686247
2025-10-20 11:00,40.41229767
2025-10-20 12:00,42.04111996
2025-10-20 13:00,41.97144537
2025-10-20 14:00,42.74904640
2025-10-20 15:00,44.52473803
2025-10-20 16:00,44.46942448
2025-10-20 17:00,46.21522244
2025-10-20 18:00,47.87219008
2025-10-20 19:00,50.79919843
2025-10-20 20:00,41.64754079
2025-10-20 21:00,44.76382336
2025-10-20 22:00,43.74608800
2025-10-20 23:00,38.42630957
2025-10-21 00:00,35.67952211
2025-10-21 01:00,35.14924205
2025-10-21 02:00,34.34380710
2025-10-21 03:00,36.28535993
2025-10-21 04:00,34.96705193
2025-10-21 05:00,30.49335140
2025-10-21 06:00,29.87757653
2025-10-21 07:00,23.15572900
2025-10-21 08:00,27.74850350
2025-10-21 09:00,27.67438761
2025-10-21 10:00,24.29083982
2025-10-21 11:00,26.20233306
2025-10-21 12:00,28.92881710
2025-10-21 13:00,29.67043898
2025-10-21 14:00,35.98719375
2025-10-21 15:00,41.41814969
2025-10-21 16:00,44.65598849
2025-10-21 17:00,43.36935461
2025-10-21 18:00,36.34720263
2025-10-21 19:00,44.33824554
2025-10-21 20:00,39.06491968
2025-10-21 21:00,36.17643215
2025-10-21 22:00,31.86966322
2025-10-21 23:00,29.91664514
2025-10-22 00:00,26.66658626
2025-10-22 01:00,22.69670640
2025-10-22 02:00,21.29028230
2025-10-22 03:00,19.85491010
2025-10-22 04:00,18.88203056
2025-10-22 05:00,18.78905033
2025-10-22 06:00,17.44773582
2025-10-22 07:00,15.69899559
2025-10-22 08:00,11.53738785
2025-10-22 09:00,12.12801748
2025-10-22 10:00,10.91910913
2025-10-22 11:00,12.75475097
2025-10-22 12:00,13.81105393
2025-10-22 13:00,12.44254413
2025-10-22 14:00,13.80567539
2025-10-22 15:00,16.24211935
2025-10-22 16:00,16.91561453
2025-10-22 17:00,13.97932859
2025-10-22 18:00,22.70386418
2025-10-22 19:00,23.78573352
2025-10-22 20:00,15.86898698
2025-10-22 21:00,17.26936677
2025-10-22 22:00,12.25918693
2025-10-22 23:00,9.17271823
2025-10-23 00:00,5.75849441
2025-10-23 01:00,6.67411909
2025-10-23 02:00,10.01494251
2025-10-23 03:00,7.37744504
2025-10-23 04:00,6.90160701
2025-10-23 05:00,6.84692803
2025-10-23 06:00,4.86835249
2025-10-23 07:00,4.44358013
2025-10-23 08:00,2.25754289
2025-10-23 09:00,1.41661811
2025-10-23 10:00,0.94125715
2025-10-23 11:00,0.41648116
2025-10-23 12:00,0.91057519
2025-10-23 13:00,3.53617755
2025-10-23 14:00,5.50964028
2025-10-23 15:00,6.73704937
2025-10-23 16:00,13.85027564
2025-10-23 17:00,19.47411959
2025-10-23 18:00,17.65681831
2025-10-23 19:00,16.48712560
2025-10-23 20:00,18.19126262
2025-10-23 21:00,12.90500927
2025-10-23 22:00,8.62686000
2025-10-23 23:00,6.11949623
2025-10-24 00:00,10.25076352
2025-10-24 01:00,8.43649075
2025-10-24 02:00,6.88603790
2025-10-24 03:00,7.32343702
2025-10-24 04:00,8.11863707
2025-10-24 05:00,7.71161956
2025-10-24 06:00,6.55006517
2025-10-24 07:00,4.67369390
2025-10-24 08:00,3.04330736
2025-10-24 09:00,3.14624837
2025-10-24 10:00,2.52020037
2025-10-24 11:00,1.58614509
2025-10-24 12:00,1.38292646
2025-10-24 13:00,0.94749039
2025-10-24 14:00,1.61823347
2025-10-24 15:00,5.42911180
2025-10-24 16:00,11.69413266
2025-10-24 17:00,13.25622034
2025-10-24 18:00,14.15475573
2025-10-24 19:00,7.81545678
2025-10-24 20:00,6.39436612
2025-10-24 21:00,5.38586765
2025-10-24 22:00,3.61785977
2025-10-24 23:00,2.16647045
2025-10-25 00:00,2.08697769
2025-10-25 01:00,3.45990551
2025-10-25 02:00,4.45097318
2025-10-25 03:00,4.29251962
2025-10-25 04:00,5.69953021
2025-10-25 05:00,8.73690170
2025-10-25 06:00,9.09998463
2025-10-25 07:00,7.58395806
2025-10-25 08:00,6.40091719
2025-10-25 09:00,9.28188706
2025-10-25 10:00,9.50097336
2025-10-25 11:00,8.32177382
2025-10-25 12:00,8.86110574
2025-10-25 13:00,9.94911840
2025-10-25 14:00,12.68798720
2025-10-25 15:00,17.61605008
2025-10-25 16:00,21.31502703
2025-10-25 17:00,24.29402319
2025-10-25 18:00,27.12913920
2025-10-25 19:00,25.61835213
2025-10-25 20:00,21.27197877
2025-10-25 21:00,17.33402987
2025-10-25 22:00,15.78140647
2025-10-25 23:00,12.67362353
2025-10-26 00:00,11.63999656
2025-10-26 01:00,13.58939455
2025-10-26 02:00,12.96501412
2025-10-26 03:00,13.62465984
2025-10-26 04:00,16.98061951
2025-10-26 05:00,24.36234631
2025-10-26 06:00,21.01817314
2025-10-26 07:00,12.43564135
2025-10-26 08:00,7.72404574
2025-10-26 09:00,7.26633013
2025-10-26 10:00,6.74039586
2025-10-26 11:00,7.56268204
2025-10-26 12:00,16.26636547
2025-10-26 13:00,19.43309067
2025-10-26 14:00,25.62449774
2025-10-26 15:00,29.53339995
2025-10-26 16:00,29.74497577
2025-10-26 17:00,27.92988022
2025-10-26 18:00,22.90977225
2025-10-26 19:00,21.39157012
2025-10-26 20:00,22.66494944
2025-10-26 21:00,27.10662408
2025-10-26 22:00,12.23121950
2025-10-26 23:00,19.16766216
2025-10-27 00:00,48.38627575
2025-10-27 01:00,54.99330232
2025-10-27 02:00,55.88347295
2025-10-27 03:00,54.60743768
2025-10-27 04:00,56.92969914
2025-10-27 05:00,54.79180199
2025-10-27 06:00,54.65307431
2025-10-27 07:00,50.54240543
2025-10-27 08:00,38.22988651
2025-10-27 09:00,39.08772765
2025-10-27 10:00,29.31377903
2025-10-27 11:00,16.92436242
2025-10-27 12:00,22.02541762
2025-10-27 13:00,29.60078768
2025-10-27 14:00,38.66668010
2025-10-27 15:00,44.77355746
2025-10-27 16:00,44.93820045
2025-10-27 17:00,39.35570284
2025-10-27 18:00,33.23505825
2025-10-27 19:00,33.55015378
2025-10-27 20:00,24.41453683
2025-10-27 21:00,29.51089577
2025-10-27 22:00,21.72462413
2025-10-27 23:00,18.11114385
2025-10-28 00:00,17.61626640
2025-10-28 01:00,15.50395114
2025-10-28 02:00,15.19200924
2025-10-28 03:00,23.01768451
2025-10-28 04:00,27.26727940
2025-10-28 05:00,26.11709129
2025-10-28 06:00,18.98119111
2025-10-28 07:00,17.03348920
2025-10-28 08:00,14.41705147
2025-10-28 09:00,12.62722237
2025-10-28 10:00,10.29528489
2025-10-28 11:00,10.38648904
2025-10-28 12:00,6.78355911
2025-10-28 13:00,6.64093274
2025-10-28 14:00,6.48429801
2025-10-28 15:00,5.04513823
2025-10-28 16:00,4.46988056
2025-10-28 17:00,3.83582872
2025-10-28 18:00,2.71826684
2025-10-28 19:00,1.58336640
2025-10-28 20:00,1.89375826
2025-10-28 21:00,2.41007409
2025-10-28 22:00,2.75831542
2025-10-28 23:00,2.76586679
2025-10-29 00:00,6.56855100
2025-10-29 01:00,7.43017244
2025-10-29 02:00,7.18925707
2025-10-29 03:00,6.80916411
2025-10-29 04:00,7.14435769
2025-10-29 05:00,6.87343085
2025-10-29 06:00,6.27464697
2025-10-29 07:00,6.14618897
2025-10-29 08:00,3.19060387
2025-10-29 09:00,2.11333721
2025-10-29 10:00,1.20426185
2025-10-29 11:00,1.30753307
2025-10-29 12:00,2.23534564
2025-10-29 13:00,1.71850040
2025-10-29 14:00,1.03477907
2025-10-29 15:00,1.17532445
2025-10-29 16:00,1.11962548
2025-10-29 17:00,3.64182792
2025-10-29 18:00,9.52213233
2025-10-29 19:00,9.36835834
2025-10-29 20:00,8.16339777
2025-10-29 21:00,4.17886402
2025-10-29 22:00,2.98877091
2025-10-29 23:00,3.33790074
2025-10-30 00:00,4.53297522
2025-10-30 01:00,3.06861959
2025-10-30 02:00,3.77274734
2025-10-30 03:00,5.14845243
2025-10-30 04:00,7.14380387
2025-10-30 05:00,7.27319535
2025-10-30 06:00,6.20584164
2025-10-30 07:00,4.05261877
2025-10-30 08:00,1.68445870
2025-10-30 09:00,0.91548037
2025-10-30 10:00,0.63206664
2025-10-30 11:00,0.59296894
2025-10-30 12:00,0.49742772
2025-10-30 13:00,0.39399015
2025-10-30 14:00,0.50129463
2025-10-30 15:00,0.73530892
2025-10-30 16:00,0.81022290
2025-10-30 17:00,2.32105897
2025-10-30 18:00,4.94553910
2025-10-30 19:00,7.57364779
2025-10-30 20:00,9.15602675
2025-10-30 21:00,7.70539816
2025-10-30 22:00,3.76542824
2025-10-30 23:00,5.64950654
2025-10-31 00:00,6.40421641
2025-10-31 01:00,7.42919903
2025-10-31 02:00,7.18041650
2025-10-31 03:00,8.07745325
2025-10-31 04:00,7.33260955
2025-10-31 05:00,8.72325784
2025-10-31 06:00,9.75595664
2025-10-31 07:00,7.32735002
2025-10-31 08:00,2.19300388
2025-10-31 09:00,0.94185066
2025-10-31 10:00,0.41637242
2025-10-31 11:00,0.29172969
2025-10-31 12:00,0.59065122
2025-10-31 13:00,0.93513629
2025-10-31 14:00,3.14202205
2025-10-31 15:00,5.38504701
2025-10-31 16:00,7.14220351
2025-10-31 17:00,5.88633856
2025-10-31 18:00,4.30494378
2025-10-31 19:00,2.53142156
2025-10-31 20:00,4.30432270
2025-10-31 21:00,4.35809820
2025-10-31 22:00,5.58333152
2025-10-31 23:00,18.70919936
2025-11-01 00:00,5.83101357
2025-11-01 01:00,9.34588083
2025-11-01 02:00,10.40371348
2025-11-01 03:00,9.85582838
2025-11-01 04:00,14.04747175
2025-11-01 05:00,25.99141156
2025-11-01 06:00,30.76113887
2025-11-01 07:00,21.30868335
2025-11-01 08:00,17.79581622
2025-11-01 09:00,29.24318192
2025-11-01 10:00,29.64736729
2025-11-01 11:00,25.28098192
2025-11-01 12:00,25.20119748
2025-11-01 13:00,20.16231169
2025-11-01 14:00,19.82113020
2025-11-01 15:00,23.68366626
2025-11-01 16:00,23.39551209
2025-11-01 17:00,21.46508331
2025-11-01 18:00,20.87075626
2025-11-01 19:00,28.03138258
2025-11-01 20:00,24.71394881
2025-11-01 21:00,15.31453822
2025-11-01 22:00,14.48234310
2025-11-01 23:00,30.27943393
2025-11-02 00:00,36.19089464
2025-11-02 01:00,34.07465664
2025-11-02 02:00,43.05274463
2025-11-02 03:00,47.43353164
2025-11-02 04:00,40.12186790
2025-11-02 05:00,47.86266158
2025-11-02 06:00,45.93372507
2025-11-02 07:00,43.59442169
2025-11-02 08:00,44.89517845
2025-11-02 09:00,55.91879093
2025-11-02 10:00,56.66666793
2025-11-02 11:00,54.83836378
2025-11-02 12:00,53.88941277
2025-11-02 13:00,55.73614573
2025-11-02 14:00,54.57952697
2025-11-02 15:00,55.87155483
2025-11-02 16:00,56.64529496
2025-11-02 17:00,57.53750246
2025-11-02 18:00,55.95847369
2025-11-02 19:00,56.35810479
2025-11-02 20:00,55.81597741
2025-11-02 21:00,55.97757165
2025-11-02 22:00,53.38331825
2025-11-02 23:00,51.42624708
2025-11-03 00:00,48.86036862
2025-11-03 01:00,41.83823410
2025-11-03 02:00,34.00669068
2025-11-03 03:00,29.32478192
2025-11-03 04:00,25.73242283
2025-11-03 05:00,20.38248034
2025-11-03 06:00,15.01166422
2025-11-03 07:00,9.56137195
2025-11-03 08:00,7.13586141
2025-11-03 09:00,6.57458002
2025-11-03 10:00,5.75642082
2025-11-03 11:00,3.32163900
2025-11-03 12:00,2.39788008
2025-11-03 13:00,2.82300230
2025-11-03 14:00,2.32843833
2025-11-03 15:00,2.47475235
2025-11-03 16:00,2.93615318
2025-11-03 17:00,5.78127535
2025-11-03 18:00,7.57253131
2025-11-03 19:00,9.20551362
2025-11-03 20:00,4.79983670
2025-11-03 21:00,5.01097277
2025-11-03 22:00,4.23168887
2025-11-03 23:00,3.49593342
2025-11-04 00:00,1.20221652
2025-11-04 01:00,1.83151834
2025-11-04 02:00,1.76318610
2025-11-04 03:00,3.75470046
2025-11-04 04:00,5.30386967
2025-11-04 05:00,5.01458230
2025-11-04 06:00,4.38111487
2025-11-04 07:00,4.06415021
2025-11-04 08:00,1.94260314
2025-11-04 09:00,0.93869700
2025-11-04 10:00,0.27032327
2025-11-04 11:00,0.33952429
2025-11-04 12:00,0.36719908
2025-11-04 13:00,0.59795627
2025-11-04 14:00,1.28523977
2025-11-04 15:00,3.25275837
2025-11-04 16:00,5.60252344
2025-11-04 17:00,6.24302469
2025-11-04 18:00,9.91880632
2025-11-04 19:00,9.71829583
2025-11-04 20:00,9.65711153
2025-11-04 21:00,8.73823635
2025-11-04 22:00,6.20484247
2025-11-04 23:00,7.56969666
2025-11-05 00:00,8.73114984
2025-11-05 01:00,9.05099537
2025-11-05 02:00,9.31470365
2025-11-05 03:00,10.32466514
2025-11-05 04:00,10.99745268
2025-11-05 05:00,9.93653055
2025-11-05 06:00,10.89509596
2025-11-05 07:00,7.68971858
2025-11-05 08:00,4.89045371
2025-11-05 09:00,4.39949677
2025-11-05 10:00,2.54595962
2025-11-05 11:00,2.17171244
2025-11-05 12:00,2.91269470
2025-11-05 13:00,3.47470083
2025-11-05 14:00,4.31921265
2025-11-05 15:00,6.01806426
2025-11-05 16:00,8.71787733
2025-11-05 17:00,10.68946879
2025-11-05 18:00,11.70100278
2025-11-05 19:00,11.07932841
2025-11-05 20:00,10.60927071
2025-11-05 21:00,8.86969972
2025-11-05 22:00,9.02764299
2025-11-05 23:00,8.89548649
2025-11-06 00:00,9.38148727
2025-11-06 01:00,9.89489753
2025-11-06 02:00,8.30240624
2025-11-06 03:00,9.15728380
2025-11-06 04:00,9.33644013
2025-11-06 05:00,9.36131551
2025-11-06 06:00,7.50573399
2025-11-06 07:00,6.84041605
2025-11-06 08:00,5.39918171
2025-11-06 09:00,5.81867763
2025-11-06 10:00,6.12537082
2025-11-06 11:00,6.76498855
2025-11-06 12:00,13.81576949
2025-11-06 13:00,14.47026891
2025-11-06 14:00,12.15300821
2025-11-06 15:00,15.02991039
2025-11-06 16:00,15.30046089
2025-11-06 17:00,12.42665293
2025-11-06 18:00,13.09823442
2025-11-06 19:00,11.86388632
2025-11-06 20:00,9.65590052
2025-11-06 21:00,8.81326427
2025-11-06 22:00,7.56119804
2025-11-06 23:00,7.93762763
2025-11-07 00:00,2.81001235
2025-11-07 01:00,1.97342752
2025-11-07 02:00,2.80152025
2025-11-07 03:00,2.04185644
2025-11-07 04:00,3.50140802
2025-11-07 05:00,3.54146185
2025-11-07 06:00,4.71332322
2025-11-07 07:00,3.81413446
2025-11-07 08:00,1.35236633
2025-11-07 09:00,0.86812653
2025-11-07 10:00,0.66505981
2025-11-07 11:00,0.65796333
2025-11-07 12:00,0.56481515
2025-11-07 13:00,0.52294182
2025-11-07 14:00,2.00727905
2025-11-07 15:00,2.03607282
2025-11-07 16:00,1.76856689
2025-11-07 17:00,3.99326408
2025-11-07 18:00,3.76094124
2025-11-07 19:00,4.82819787
2025-11-07 20:00,3.48805638
2025-11-07 21:00,2.15018075
2025-11-07 22:00,1.39371831
2025-11-07 23:00,3.11621252
2025-11-08 00:00,3.08986048
2025-11-08 01:00,8.71704675
2025-11-08 02:00,8.87707887
2025-11-08 03:00,8.79291605
2025-11-08 04:00,11.02426399
2025-11-08 05:00,8.36621709
2025-11-08 06:00,7.95291287
2025-11-08 07:00,8.14694093
2025-11-08 08:00,6.48063441
2025-11-08 09:00,6.51569787
2025-11-08 10:00,10.80414760
2025-11-08 11:00,9.44749296
2025-11-08 12:00,9.44141217
2025-11-08 13:00,7.49526067
2025-11-08 14:00,2.82608486
2025-11-08 15:00,1.93275967
2025-11-08 16:00,2.69685607
2025-11-08 17:00,3.79493746
2025-11-08 18:00,4.94604150
2025-11-08 19:00,7.22055772
2025-11-08 20:00,10.68058156
2025-11-08 21:00,18.25058454
2025-11-08 22:00,19.56567274
2025-11-08 23:00,15.84146436
2025-11-09 00:00,3.95474961
2025-11-09 01:00,2.35011277
2025-11-09 02:00,3.42472701
2025-11-09 03:00,2.90855142
2025-11-09 04:00,3.30901730
2025-11-09 05:00,6.83652007
2025-11-09 06:00,8.83675738
2025-11-09 07:00,9.02603460
2025-11-09 08:00,6.67564737
2025-11-09 09:00,8.63110024
2025-11-09 10:00,9.98667315
2025-11-09 11:00,14.61575732
2025-11-09 12:00,14.79999828
2025-11-09 13:00,19.23890440
2025-11-09 14:00,19.08644722
2025-11-09 15:00,21.31693198
2025-11-09 16:00,20.62195202
2025-11-09 17:00,19.06389582
2025-11-09 18:00,14.08225893
2025-11-09 19:00,29.01917656
2025-11-09 20:00,40.11338130
2025-11-09 21:00,45.67642822
2025-11-09 22:00,51.94545438
2025-11-09 23:00,51.39443271
2025-11-10 00:00,54.43475769
2025-11-10 01:00,55.19379378
2025-11-10 02:00,56.13439311
2025-11-10 03:00,56.97274243
2025-11-10 04:00,54.57254415
2025-11-10 05:00,47.21654549
2025-11-10 06:00,49.58050435
2025-11-10 07:00,47.10771169
2025-11-10 08:00,41.01379823
2025-11-10 09:00,43.24521045
2025-11-10 10:00,50.35416131
2025-11-10 11:00,43.70926277
2025-11-10 12:00,42.54944886
2025-11-10 13:00,42.27053070
2025-11-10 14:00,41.66535608
2025-11-10 15:00,41.58448991
2025-11-10 16:00,37.66139559
2025-11-10 17:00,32.59756847
2025-11-10 18:00,28.54508162
2025-11-10 19:00,24.89093774
2025-11-10 20:00,20.26259409
2025-11-10 21:00,17.45073288
2025-11-10 22:00,16.66526910
2025-11-10 23:00,14.84558501
2025-11-11 00:00,11.73685243
2025-11-11 01:00,14.95796868
2025-11-11 02:00,14.09877958
2025-11-11 03:00,13.78832787
2025-11-11 04:00,13.54571302
2025-11-11 05:00,9.62567521
2025-11-11 06:00,9.12543149
2025-11-11 07:00,7.32700209
2025-11-11 08:00,6.12818061
2025-11-11 09:00,6.18936504
2025-11-11 10:00,4.51339374
2025-11-11 11:00,3.81290966
2025-11-11 12:00,5.04130100
2025-11-11 13:00,6.82995864
2025-11-11 14:00,7.78109992
2025-11-11 15:00,10.44896588
2025-11-11 16:00,11.80817486
2025-11-11 17:00,11.21304987
2025-11-11 18:00,9.56861955
2025-11-11 19:00,10.22629111
2025-11-11 20:00,8.21397510
2025-11-11 21:00,5.05360604
2025-11-11 22:00,6.63233165
2025-11-11 23:00,4.83790553
2025-11-12 00:00,8.01532507
2025-11-12 01:00,8.02808549
2025-11-12 02:00,6.44245391
2025-11-12 03:00,7.51317294
2025-11-12 04:00,6.44572249
2025-11-12 05:00,6.89851157
2025-11-12 06:00,7.58625506
2025-11-12 07:00,6.44603343
2025-11-12 08:00,2.33639993
2025-11-12 09:00,1.47613482
2025-11-12 10:00,1.00991456
2025-11-12 11:00,0.81525920
2025-11-12 12:00,0.71350255
2025-11-12 13:00,1.24301365
2025-11-12 14:00,1.55118427
2025-11-12 15:00,3.18234505
2025-11-12 16:00,4.96279583
2025-11-12 17:00,6.56972503
2025-11-12 18:00,12.64646635
2025-11-12 19:00,9.77074564
2025-11-12 20:00,4.34813744
2025-11-12 21:00,5.26606523
2025-11-12 22:00,4.30975121
2025-11-12 23:00,3.39097013
2025-11-13 00:00,8.19445156
2025-11-13 01:00,7.62172531
2025-11-13 02:00,6.76470529
2025-11-13 03:00,8.00863008
2025-11-13 04:00,6.53326179
2025-11-13 05:00,5.59483160
2025-11-13 06:00,4.84549857
2025-11-13 07:00,3.88926347
2025-11-13 08:00,2.15380358
2025-11-13 09:00,2.15252309
2025-11-13 10:00,2.09781531
2025-11-13 11:00,1.90541952
2025-11-13 12:00,1.89989994
2025-11-13 13:00,4.73498691
2025-11-13 14:00,12.51399838
2025-11-13 15:00,16.39740839
2025-11-13 16:00,20.89491518
2025-11-13 17:00,23.68599482
2025-11-13 18:00,22.13818403
2025-11-13 19:00,20.97530443
2025-11-13 20:00,15.93795122
2025-11-13 21:00,14.81269083
2025-11-13 22:00,15.66465928
2025-11-13 23:00,12.09780296
2025-11-14 00:00,11.25667296
2025-11-14 01:00,12.06122034
2025-11-14 02:00,11.56983489
2025-11-14 03:00,13.12324862
2025-11-14 04:00,12.63866739
2025-11-14 05:00,12.03679111
2025-11-14 06:00,11.10760820
2025-11-14 07:00,8.77310650
2025-11-14 08:00,7.00228960
2025-11-14 09:00,6.50920007
2025-11-14 10:00,8.48977211
2025-11-14 11:00,12.08695456
2025-11-14 12:00,14.31300184
2025-11-14 13:00,15.21961432
2025-11-14 14:00,13.85524414
2025-11-14 15:00,19.89920537
2025-11-14 16:00,19.83077196
2025-11-14 17:00,18.50536831
2025-11-14 18:00,15.11477586
2025-11-14 19:00,19.75984476
2025-11-14 20:00,14.17177141
2025-11-14 21:00,12.74186818
2025-11-14 22:00,11.29385657
2025-11-14 23:00,10.11915833
2025-11-15 00:00,5.43372376
2025-11-15 01:00,4.07602663
2025-11-15 02:00,5.68958607
2025-11-15 03:00,6.13836848
2025-11-15 04:00,6.02867784
2025-11-15 05:00,5.45943631
2025-11-15 06:00,5.58329508
2025-11-15 07:00,4.79775245
2025-11-15 08:00,3.10429637
2025-11-15 09:00,1.86373137
2025-11-15 10:00,1.56102691
2025-11-15 11:00,1.40525498
2025-11-15 12:00,1.16791603
2025-11-15 13:00,1.79779789
2025-11-15 14:00,1.92106605
2025-11-15 15:00,2.25418361
2025-11-15 16:00,3.07715119
2025-11-15 17:00,4.83772139
2025-11-15 18:00,7.54513186
2025-11-15 19:00,7.52304797
2025-11-15 20:00,7.07068378
2025-11-15 21:00,3.73145078
2025-11-15 22:00,2.81775020
2025-11-15 23:00,3.28983013
2025-11-16 00:00,1.04268257
2025-11-16 01:00,0.63370154
2025-11-16 02:00,1.53097028
2025-11-16 03:00,1.51623564
2025-11-16 04:00,1.15063724
2025-11-16 05:00,0.94882296
2025-11-16 06:00,1.34221413
2025-11-16 07:00,1.37791809
2025-11-16 08:00,0.68852848
2025-11-16 09:00,0.55438530
2025-11-16 10:00,0.66683191
2025-11-16 11:00,1.67455223
2025-11-16 12:00,3.68052083
2025-11-16 13:00,3.07603445
2025-11-16 14:00,5.45830750
2025-11-16 15:00,4.79566864
2025-11-16 16:00,4.58779440
2025-11-16 17:00,2.78241254
2025-11-16 18:00,2.97774836
2025-11-16 19:00,4.78279333
2025-11-16 20:00,13.60846687
2025-11-16 21:00,14.13828450
2025-11-16 22:00,17.55744999
2025-11-16 23:00,14.99833681
2025-11-17 00:00,32.63865474
2025-11-17 01:00,47.39354509
2025-11-17 02:00,55.79487535
2025-11-17 03:00,53.37960932
2025-11-17 04:00,53.70513796
2025-11-17 05:00,55.53368593
2025-11-17 06:00,49.74942051
2025-11-17 07:00,46.72093545
2025-11-17 08:00,43.99332872
2025-11-17 09:00,47.75145397
2025-11-17 10:00,50.82316699
2025-11-17 11:00,49.72579352
2025-11-17 12:00,49.91085796
2025-11-17 13:00,49.52303975
2025-11-17 14:00,53.43848521
2025-11-17 15:00,53.47250959
2025-11-17 16:00,53.68662002
2025-11-17 17:00,55.92005304
2025-11-17 18:00,55.13250480
2025-11-17 19:00,55.02090915
2025-11-17 20:00,54.68788609
2025-11-17 21:00,54.59657759
2025-11-17 22:00,55.26421004
2025-11-17 23:00,55.01919424
2025-11-18 00:00,52.22872634
2025-11-18 01:00,54.31882696
2025-11-18 02:00,52.47553658
2025-11-18 03:00,50.62325367
2025-11-18 04:00,47.35961552
2025-11-18 05:00,50.86479780
2025-11-18 06:00,50.59705383
2025-11-18 07:00,42.01328882
2025-11-18 08:00,33.53514407
2025-11-18 09:00,30.36057983
2025-11-18 10:00,40.32660113
2025-11-18 11:00,45.45661551
2025-11-18 12:00,47.64303241
2025-11-18 13:00,45.54292776
2025-11-18 14:00,36.76517190
2025-11-18 15:00,39.13873996
2025-11-18 16:00,41.74916331
2025-11-18 17:00,34.76289217
2025-11-18 18:00,43.61494730
2025-11-18 19:00,41.61155532
2025-11-18 20:00,34.55324315
2025-11-18 21:00,26.26362491
2025-11-18 22:00,33.00995624
2025-11-18 23:00,27.10594298
2025-11-19 00:00,6.92088401
2025-11-19 01:00,10.23402739
2025-11-19 02:00,7.51012838
2025-11-19 03:00,3.41821874
2025-11-19 04:00,8.55392843
2025-11-19 05:00,7.83341004
2025-11-19 06:00,5.28476935
2025-11-19 07:00,3.18683269
2025-11-19 08:00,2.11017676
2025-11-19 09:00,3.32851320
2025-11-19 10:00,1.11009386
2025-11-19 11:00,0.57131567
2025-11-19 12:00,0.63701238
2025-11-19 13:00,1.69401918
2025-11-19 14:00,2.90968044
2025-11-19 15:00,3.46280224
2025-11-19 16:00,4.24239955
2025-11-19 17:00,5.17404549
2025-11-19 18:00,4.27038992
2025-11-19 19:00,2.39068878
2025-11-19 20:00,0.92379767
2025-11-19 21:00,0.66330594
2025-11-19 22:00,1.41146203
2025-11-19 23:00,1.93342322
2025-11-20 00:00,1.05222129
2025-11-20 01:00,0.57929668
2025-11-20 02:00,0.46890359
2025-11-20 03:00,0.95000496
2025-11-20 04:00,1.12169394
2025-11-20 05:00,2.76434422
2025-11-20 06:00,3.96263590
2025-11-20 07:00,4.21703189
2025-11-20 08:00,4.13307149
2025-11-20 09:00,3.29370972
2025-11-20 10:00,3.99009823
2025-11-20 11:00,6.41957726
2025-11-20 12:00,10.92332649
2025-11-20 13:00,9.53394369
2025-11-20 14:00,9.88180281
2025-11-20 15:00,12.66721634
2025-11-20 16:00,10.20094466
2025-11-20 17:00,9.47103991
2025-11-20 18:00,7.60604310
2025-11-20 19:00,16.38360252
2025-11-20 20:00,25.68530927
2025-11-20 21:00,26.51124517
2025-11-20 22:00,29.37221258
2025-11-20 23:00,33.59270910
2025-11-21 00:00,20.42310986
2025-11-21 01:00,15.96836213
2025-11-21 02:00,13.28993742
2025-11-21 03:00,10.99723240
2025-11-21 04:00,11.02808921
2025-11-21 05:00,5.60458998
2025-11-21 06:00,3.19714309
2025-11-21 07:00,3.84862907
2025-11-21 08:00,1.34506378
2025-11-21 09:00,1.18549995
2025-11-21 10:00,0.92710489
2025-11-21 11:00,0.45472333
2025-11-21 12:00,2.08663993
2025-11-21 13:00,5.55304059
2025-11-21 14:00,5.67112615
2025-11-21 15:00,5.59061493
2025-11-21 16:00,7.64839059
2025-11-21 17:00,5.65290426
2025-11-21 18:00,3.49815403
2025-11-21 19:00,5.79591011
2025-11-21 20:00,4.31134268
2025-11-21 21:00,5.04853391
2025-11-21 22:00,6.23386356
2025-11-21 23:00,7.06421393
2025-11-22 00:00,6.10593102
2025-11-22 01:00,7.96381313
2025-11-22 02:00,9.45563004
2025-11-22 03:00,6.97772446
2025-11-22 04:00,7.25299667
2025-11-22 05:00,8.16896210
2025-11-22 06:00,7.49472065
2025-11-22 07:00,5.24119636
2025-11-22 08:00,2.46437234
2025-11-22 09:00,1.15075878
2025-11-22 10:00,0.21280452
2025-11-22 11:00,0.40621475
2025-11-22 12:00,1.45258097
2025-11-22 13:00,1.70073673
2025-11-22 14:00,2.22645670
2025-11-22 15:00,3.65696150
2025-11-22 16:00,4.07951481
2025-11-22 17:00,2.49016696
2025-11-22 18:00,1.33324306
2025-11-22 19:00,1.74545490
2025-11-22 20:00,4.57790442
2025-11-22 21:00,6.78622340
2025-11-22 22:00,5.95126511
2025-11-22 23:00,6.82544736
2025-11-23 00:00,6.81004224
2025-11-23 01:00,6.53862548
2025-11-23 02:00,7.09294021
2025-11-23 03:00,9.66473861
2025-11-23 04:00,12.40316911
2025-11-23 05:00,11.41607872
2025-11-23 06:00,20.39712265
2025-11-23 07:00,19.67727208
2025-11-23 08:00,13.32211982
2025-11-23 09:00,11.94973606
2025-11-23 10:00,10.64947783
2025-11-23 11:00,14.55181735
2025-11-23 12:00,14.43646660
2025-11-23 13:00,15.81380873
2025-11-23 14:00,13.48618020
2025-11-23 15:00,14.74909435
2025-11-23 16:00,16.48964449
2025-11-23 17:00,12.36073864
2025-11-23 18:00,13.12611752
2025-11-23 19:00,15.79055224
2025-11-23 20:00,19.08190204
2025-11-23 21:00,15.07019153
2025-11-23 22:00,14.89789445
2025-11-23 23:00,11.74594790
2025-11-24 00:00,12.86841732
2025-11-24 01:00,12.11489624
2025-11-24 02:00,13.61736117
2025-11-24 03:00,19.27397535
2025-11-24 04:00,14.65282140
2025-11-24 05:00,15.20485383
2025-11-24 06:00,20.04391566
2025-11-24 07:00,22.11071537
2025-11-24 08:00,23.04273866
2025-11-24 09:00,18.01163659
2025-11-24 10:00,19.07202379
2025-11-24 11:00,17.99843766
2025-11-24 12:00,17.71681960
2025-11-24 13:00,15.32179973
2025-11-24 14:00,15.61605647
2025-11-24 15:00,16.60189865
2025-11-24 16:00,11.60079227
2025-11-24 17:00,9.45236685
2025-11-24 18:00,8.60421192
2025-11-24 19:00,9.47059950
2025-11-24 20:00,8.95552868
2025-11-24 21:00,9.85239451
2025-11-24 22:00,8.85852685
2025-11-24 23:00,9.85931201
2025-11-25 00:00,10.59575288
2025-11-25 01:00,11.40438074
2025-11-25 02:00,12.33428677
2025-11-25 03:00,14.08984983
2025-11-25 04:00,14.63889678
2025-11-25 05:00,16.93842365
2025-11-25 06:00,20.71439133
2025-11-25 07:00,24.49820890
2025-11-25 08:00,53.73861945
2025-11-25 09:00,48.32703167
2025-11-25 10:00,51.42720581
2025-11-25 11:00,55.27970359
2025-11-25 12:00,50.84835998
2025-11-25 13:00,55.26467425
2025-11-25 14:00,57.05558186
2025-11-25 15:00,56.98024541
2025-11-25 16:00,56.84958790
2025-11-25 17:00,56.28692019
2025-11-25 18:00,54.48257848
2025-11-25 19:00,53.68333487
2025-11-25 20:00,54.77443880
2025-11-25 21:00,51.04090902
2025-11-25 22:00,51.27492511
2025-11-25 23:00,47.27273610
2025-11-26 00:00,16.31478872
2025-11-26 01:00,10.66167611
2025-11-26 02:00,12.94487933
2025-11-26 03:00,7.83620264
2025-11-26 04:00,3.75378729
2025-11-26 05:00,4.66159629
2025-11-26 06:00,5.62533244
2025-11-26 07:00,2.87718306
2025-11-26 08:00,0.57304446
2025-11-26 09:00,0.73440884
2025-11-26 10:00,1.24207613
2025-11-26 11:00,0.59187292
2025-11-26 12:00,0.32604774
2025-11-26 13:00,0.92736167
2025-11-26 14:00,1.16901389
2025-11-26 15:00,2.15333661
2025-11-26 16:00,2.35805542
2025-11-26 17:00,2.90518904
2025-11-26 18:00,0.74708116
2025-11-26 19:00,0.21972105
2025-11-26 20:00,0.72347347
2025-11-26 21:00,0.83280628
2025-11-26 22:00,0.87218357
2025-11-26 23:00,2.06788883
2025-11-27 00:00,14.86469760
2025-11-27 01:00,16.48269142
2025-11-27 02:00,17.99297535
2025-11-27 03:00,29.95558669
2025-11-27 04:00,44.00422466
2025-11-27 05:00,44.80200239
2025-11-27 06:00,47.87130406
2025-11-27 07:00,45.55185084
2025-11-27 08:00,52.42290840
2025-11-27 09:00,50.99617866
2025-11-27 10:00,50.19837642
2025-11-27 11:00,52.62478269
2025-11-27 12:00,56.07241672
2025-11-27 13:00,54.91912394
2025-11-27 14:00,49.75803956
2025-11-27 15:00,48.82199275
2025-11-27 16:00,48.14379313
2025-11-27 17:00,53.66570619
2025-11-27 18:00,56.69396706
2025-11-27 19:00,60.07240458
2025-11-27 20:00,56.96396091
2025-11-27 21:00,56.64364955
2025-11-27 22:00,55.33003639
2025-11-27 23:00,55.40883796
2025-11-28 00:00,50.62252138
2025-11-28 01:00,47.40244578
2025-11-28 02:00,47.34234598
2025-11-28 03:00,48.32073498
2025-11-28 04:00,44.68303745
2025-11-28 05:00,40.39571671
2025-11-28 06:00,33.89226381
2025-11-28 07:00,24.16998111
2025-11-28 08:00,22.08045321
2025-11-28 09:00,17.41761365
2025-11-28 10:00,13.55794743
2025-11-28 11:00,9.18986240
2025-11-28 12:00,9.28863690
2025-11-28 13:00,9.38985834
2025-11-28 14:00,10.82445597
2025-11-28 15:00,10.48480026
2025-11-28 16:00,10.03024110
2025-11-28 17:00,12.61965589
2025-11-28 18:00,10.87958020
2025-11-28 19:00,7.59330283
2025-11-28 20:00,5.40577677
2025-11-28 21:00,5.54153065
2025-11-28 22:00,5.07919877
2025-11-28 23:00,3.88078319
2025-11-29 00:00,3.76146483
2025-11-29 01:00,4.16017764
2025-11-29 02:00,4.66390891
2025-11-29 03:00,5.99848295
2025-11-29 04:00,5.82008101
2025-11-29 05:00,4.09622471
2025-11-29 06:00,7.18150626
2025-11-29 07:00,11.06705104
2025-11-29 08:00,15.77049927
2025-11-29 09:00,17.87736589
2025-11-29 10:00,21.70105405
2025-11-29 11:00,28.65083500
2025-11-29 12:00,35.75619005
2025-11-29 13:00,34.09539329
2025-11-29 14:00,40.29987638
2025-11-29 15:00,38.13703833
2025-11-29 16:00,38.64495141
2025-11-29 17:00,33.94682451
2025-11-29 18:00,32.77595367
2025-11-29 19:00,36.34874694
2025-11-29 20:00,34.75719495
2025-11-29 21:00,35.87291241
2025-11-29 22:00,33.06913948
2025-11-29 23:00,31.87253762
2025-11-30 00:00,37.73944161
2025-11-30 01:00,34.27961394
2025-11-30 02:00,29.92553453
2025-11-30 03:00,25.93240903
2025-11-30 04:00,22.06244462
2025-11-30 05:00,14.95215797
2025-11-30 06:00,12.92413663
2025-11-30 07:00,13.65557423
2025-11-30 08:00,14.67297515
2025-11-30 09:00,12.57074643
2025-11-30 10:00,13.60070168
2025-11-30 11:00,18.33200297
2025-11-30 12:00,18.44653644
2025-11-30 13:00,20.30484032
2025-11-30 14:00,19.13270448
2025-11-30 15:00,21.94412662
2025-11-30 16:00,24.19232042
2025-11-30 17:00,23.53209121
2025-11-30 18:00,25.09652528
2025-11-30 19:00,25.04201299
2025-11-30 20:00,22.59054419
2025-11-30 21:00,16.99657501
2025-11-30 22:00,11.82652980
2025-11-30 23:00,8.54829121
2025-12-01 00:00,25.87268962
2025-12-01 01:00,30.83838800
2025-12-01 02:00,39.39814454
2025-12-01 03:00,36.40473602
2025-12-01 04:00,37.63994984
2025-12-01 05:00,34.15918470
2025-12-01 06:00,35.04425992
2025-12-01 07:00,22.88839069
2025-12-01 08:00,13.65268936
2025-12-01 09:00,15.64362685
2025-12-01 10:00,17.84737541
2025-12-01 11:00,20.97240421
2025-12-01 12:00,23.44842269
2025-12-01 13:00,24.89423961
2025-12-01 14:00,24.99464437
2025-12-01 15:00,26.29571356
2025-12-01 16:00,29.43572334
2025-12-01 17:00,26.92757218
2025-12-01 18:00,21.29107775
2025-12-01 19:00,20.73913051
2025-12-01 20:00,19.95444389
2025-12-01 21:00,17.17839444
2025-12-01 22:00,18.88970694
2025-12-01 23:00,21.68822128
2025-12-02 00:00,25.52031472
2025-12-02 01:00,31.36781116
2025-12-02 02:00,34.80561969
2025-12-02 03:00,34.14503103
2025-12-02 04:00,33.82533303
2025-12-02 05:00,30.99610738
2025-12-02 06:00,35.18383595
2025-12-02 07:00,34.94936948
2025-12-02 08:00,37.83527208
2025-12-02 09:00,48.00085513
2025-12-02 10:00,47.81250859
2025-12-02 11:00,43.83817290
2025-12-02 12:00,43.29343068
2025-12-02 13:00,41.95172503
2025-12-02 14:00,44.01902147
2025-12-02 15:00,46.15529878
2025-12-02 16:00,45.10965625
2025-12-02 17:00,47.18166643
2025-12-02 18:00,43.94976132
2025-12-02 19:00,45.85835066
2025-12-02 20:00,42.12499544
2025-12-02 21:00,40.03149344
2025-12-02 22:00,34.29739020
2025-12-02 23:00,33.70427468
2025-12-03 00:00,41.38227504
2025-12-03 01:00,54.22455058
2025-12-03 02:00,55.76514613
2025-12-03 03:00,53.14279536
2025-12-03 04:00,54.11892432
2025-12-03 05:00,55.62211868
2025-12-03 06:00,47.36068402
2025-12-03 07:00,31.38456206
2025-12-03 08:00,23.30576124
2025-12-03 09:00,22.21148708
2025-12-03 10:00,51.68878123
2025-12-03 11:00,53.05554579
2025-12-03 12:00,54.46065079
2025-12-03 13:00,53.64223269
2025-12-03 14:00,53.79789974
2025-12-03 15:00,54.56825942
2025-12-03 16:00,54.77789753
2025-12-03 17:00,52.39451871
2025-12-03 18:00,53.80238373
2025-12-03 19:00,55.44406169
2025-12-03 20:00,52.74651401
2025-12-03 21:00,51.00851851
2025-12-03 22:00,49.27799167
2025-12-03 23:00,49.78118843
2025-12-04 00:00,48.09312759
2025-12-04 01:00,42.48651499
2025-12-04 02:00,33.79900088
2025-12-04 03:00,26.47951416
2025-12-04 04:00,23.94275761
2025-12-04 05:00,18.27229287
2025-12-04 06:00,9.08181668
2025-12-04 07:00,7.37960430
2025-12-04 08:00,6.37775999
2025-12-04 09:00,6.36595110
2025-12-04 10:00,3.79988305
2025-12-04 11:00,1.74709303
2025-12-04 12:00,1.76115289
2025-12-04 13:00,1.89237456
2025-12-04 14:00,5.65798668
2025-12-04 15:00,6.40887697
2025-12-04 16:00,13.36163521
2025-12-04 17:00,24.52283145
2025-12-04 18:00,25.48531209
2025-12-04 19:00,37.55126575
2025-12-04 20:00,49.52147927
2025-12-04 21:00,49.54357347
2025-12-04 22:00,52.91518824
2025-12-04 23:00,55.85782797
2025-12-05 00:00,54.89747477
2025-12-05 01:00,53.33008457
2025-12-05 02:00,55.57496866
2025-12-05 03:00,49.07367075
2025-12-05 04:00,50.27186463
2025-12-05 05:00,45.63225191
2025-12-05 06:00,39.52547484
2025-12-05 07:00,26.37417767
2025-12-05 08:00,25.32995309
2025-12-05 09:00,21.13292830
2025-12-05 10:00,23.20914953
2025-12-05 11:00,21.81225697
2025-12-05 12:00,23.60124485
2025-12-05 13:00,23.36348098
2025-12-05 14:00,28.13645491
2025-12-05 15:00,25.20746727
2025-12-05 16:00,24.04729871
2025-12-05 17:00,21.70982104
2025-12-05 18:00,11.41859519
2025-12-05 19:00,8.41811483
2025-12-05 20:00,5.90316954
2025-12-05 21:00,3.54849524
2025-12-05 22:00,3.15980623
2025-12-05 23:00,3.77626243
2025-12-06 00:00,3.71448239
2025-12-06 01:00,2.75789476
2025-12-06 02:00,2.52379074
2025-12-06 03:00,5.17648920
2025-12-06 04:00,6.59219024
2025-12-06 05:00,6.67822372
2025-12-06 06:00,8.86407512
2025-12-06 07:00,10.15998599
2025-12-06 08:00,15.94761737
2025-12-06 09:00,16.14566977
2025-12-06 10:00,18.62089474
2025-12-06 11:00,21.35561910
2025-12-06 12:00,26.49635062
2025-12-06 13:00,33.95718132
2025-12-06 14:00,35.34556666
2025-12-06 15:00,39.24652526
2025-12-06 16:00,36.11132021
2025-12-06 17:00,35.11213685
2025-12-06 18:00,35.62675107
2025-12-06 19:00,41.37165039
2025-12-06 20:00,41.32222967
2025-12-06 21:00,38.65674500
2025-12-06 22:00,39.05466637
2025-12-06 23:00,35.98194779
2025-12-07 00:00,30.42487964
2025-12-07 01:00,32.57635226
2025-12-07 02:00,23.90324050
2025-12-07 03:00,20.61124915
2025-12-07 04:00,23.01288848
2025-12-07 05:00,21.01190168
2025-12-07 06:00,20.05635934
2025-12-07 07:00,19.79656086
2025-12-07 08:00,18.12750631
2025-12-07 09:00,10.97028104
2025-12-07 10:00,10.03387325
2025-12-07 11:00,19.18467460
2025-12-07 12:00,23.78184349
2025-12-07 13:00,23.05012864
2025-12-07 14:00,22.88045828
2025-12-07 15:00,27.74100589
2025-12-07 16:00,27.05490076
2025-12-07 17:00,25.32478997
2025-12-07 18:00,23.56526922
2025-12-07 19:00,24.54014280
2025-12-07 20:00,31.61674057
2025-12-07 21:00,25.90069045
2025-12-07 22:00,33.18578952
2025-12-07 23:00,43.24032230
2025-12-08 00:00,50.32388059
2025-12-08 01:00,51.24926977
2025-12-08 02:00,49.42843670
2025-12-08 03:00,49.57668324
2025-12-08 04:00,49.98136447
2025-12-08 05:00,46.76028290
2025-12-08 06:00,43.73501522
2025-12-08 07:00,41.30617802
2025-12-08 08:00,43.65663800
2025-12-08 09:00,31.19765065
2025-12-08 10:00,30.22132409
2025-12-08 11:00,33.75874694
2025-12-08 12:00,31.14962386
2025-12-08 13:00,32.91370010
2025-12-08 14:00,34.08117657
2025-12-08 15:00,35.86832751
2025-12-08 16:00,35.80188972
2025-12-08 17:00,30.11907734
2025-12-08 18:00,29.06861585
2025-12-08 19:00,25.32614359
2025-12-08 20:00,19.42065097
2025-12-08 21:00,14.67951445
2025-12-08 22:00,12.05595899
2025-12-08 23:00,7.66634883
2025-12-09 00:00,7.51528157
2025-12-09 01:00,8.56106310
2025-12-09 02:00,7.49150706
2025-12-09 03:00,7.72880106
2025-12-09 04:00,5.82659106
2025-12-09 05:00,5.93133321
2025-12-09 06:00,4.99575492
2025-12-09 07:00,3.62190164
2025-12-09 08:00,1.61561769
2025-12-09 09:00,1.14537448
2025-12-09 10:00,0.72800107
2025-12-09 11:00,0.83005914
2025-12-09 12:00,0.82505777
2025-12-09 13:00,0.66382081
2025-12-09 14:00,1.17396839
2025-12-09 15:00,1.84933647
2025-12-09 16:00,2.49366991
2025-12-09 17:00,1.37212089
2025-12-09 18:00,1.07297443
2025-12-09 19:00,1.90807928
2025-12-09 20:00,2.06814506
2025-12-09 21:00,1.41603423
2025-12-09 22:00,2.43744893
2025-12-09 23:00,4.18764006
2025-12-10 00:00,3.15405332
2025-12-10 01:00,2.75419696
2025-12-10 02:00,3.24500052
2025-12-10 03:00,2.88082649
2025-12-10 04:00,3.19048943
2025-12-10 05:00,3.87955388
2025-12-10 06:00,3.25703486
2025-12-10 07:00,3.76399999
2025-12-10 08:00,4.32076246
2025-12-10 09:00,2.65965741
2025-12-10 10:00,3.28519172
2025-12-10 11:00,2.62670948
2025-12-10 12:00,2.91288529
2025-12-10 13:00,2.49643737
2025-12-10 14:00,2.44587497
2025-12-10 15:00,2.67910298
2025-12-10 16:00,2.51458898
2025-12-10 17:00,2.50064433
2025-12-10 18:00,2.45379439
2025-12-10 19:00,1.49016419
2025-12-10 20:00,1.94565122
2025-12-10 21:00,3.12934685
2025-12-10 22:00,3.23999480
2025-12-10 23:00,2.69385421
2025-12-11 00:00,22.43575380
2025-12-11 01:00,14.27578229
2025-12-11 02:00,24.09928188
2025-12-11 03:00,32.77279564
2025-12-11 04:00,26.69971573
2025-12-11 05:00,27.18136002
2025-12-11 06:00,28.57012452
2025-12-11 07:00,21.48503001
2025-12-11 08:00,24.46286613
2025-12-11 09:00,21.44736327
2025-12-11 10:00,40.44476621
2025-12-11 11:00,49.08142538
2025-12-11 12:00,53.54517209
2025-12-11 13:00,54.99813621
2025-12-11 14:00,55.86044631
2025-12-11 15:00,54.60898809
2025-12-11 16:00,55.88295160
2025-12-11 17:00,56.13155733
2025-12-11 18:00,54.62703271
2025-12-11 19:00,54.63749562
2025-12-11 20:00,55.38796476
2025-12-11 21:00,56.35343465
2025-12-11 22:00,54.74765783
2025-12-11 23:00,54.83086403
2025-12-12 00:00,36.10813708
2025-12-12 01:00,32.50810402
2025-12-12 02:00,26.09526958
2025-12-12 03:00,25.36800991
2025-12-12 04:00,21.64896536
2025-12-12 05:00,22.55361939
2025-12-12 06:00,16.52497531
2025-12-12 07:00,15.56518854
2025-12-12 08:00,12.81944030
2025-12-12 09:00,11.09810754
2025-12-12 10:00,9.14047101
2025-12-12 11:00,4.53401571
2025-12-12 12:00,3.18736953
2025-12-12 13:00,2.11745382
2025-12-12 14:00,1.86562332
2025-12-12 15:00,2.02166770
2025-12-12 16:00,1.89165814
2025-12-12 17:00,3.96637459
2025-12-12 18:00,4.73434885
2025-12-12 19:00,4.33451515
2025-12-12 20:00,6.61422419
2025-12-12 21:00,4.47747627
2025-12-12 22:00,4.29923530
2025-12-12 23:00,3.45237239
2025-12-13 00:00,6.72464074
2025-12-13 01:00,4.39515403
2025-12-13 02:00,3.28643676
2025-12-13 03:00,6.77486013
2025-12-13 04:00,11.11720147
2025-12-13 05:00,8.55720424
2025-12-13 06:00,7.60441790
2025-12-13 07:00,8.82285676
2025-12-13 08:00,6.51889511
2025-12-13 09:00,3.72064142
2025-12-13 10:00,3.26743823
2025-12-13 11:00,3.73927929
2025-12-13 12:00,3.22273707
2025-12-13 13:00,4.51001926
2025-12-13 14:00,11.75487503
2025-12-13 15:00,10.39537036
2025-12-13 16:00,13.30673073
2025-12-13 17:00,13.88277691
2025-12-13 18:00,29.86062383
2025-12-13 19:00,27.74029445
2025-12-13 20:00,19.14999341
2025-12-13 21:00,13.57623307
2025-12-13 22:00,10.06361643
2025-12-13 23:00,7.78860095
2025-12-14 00:00,20.24986850
2025-12-14 01:00,21.21974092
2025-12-14 02:00,28.77621868
2025-12-14 03:00,30.14097754
2025-12-14 04:00,33.88148133
2025-12-14 05:00,22.23110661
2025-12-14 06:00,18.01724751
2025-12-14 07:00,18.20908638
2025-12-14 08:00,38.02206980
2025-12-14 09:00,50.50466212
2025-12-14 10:00,50.71172497
2025-12-14 11:00,45.18340111
2025-12-14 12:00,48.83407381
2025-12-14 13:00,48.75017956
2025-12-14 14:00,47.25532296
2025-12-14 15:00,48.41881355
2025-12-14 16:00,47.82470565
2025-12-14 17:00,38.45843511
2025-12-14 18:00,40.26719168
2025-12-14 19:00,44.95509512
2025-12-14 20:00,42.81739819
2025-12-14 21:00,39.17024069
2025-12-14 22:00,27.89373948
2025-12-14 23:00,25.94193941
2025-12-15 00:00,3.15521799
2025-12-15 01:00,3.44225811
2025-12-15 02:00,2.19930538
2025-12-15 03:00,2.97840210
2025-12-15 04:00,1.94192923
2025-12-15 05:00,1.09979319
2025-12-15 06:00,1.91459242
2025-12-15 07:00,2.61075678
2025-12-15 08:00,2.66828973
2025-12-15 09:00,2.02426861
2025-12-15 10:00,1.91417756
2025-12-15 11:00,1.30634367
2025-12-15 12:00,1.38648694
2025-12-15 13:00,1.97201457
2025-12-15 14:00,3.39017813
2025-12-15 15:00,2.95289217
2025-12-15 16:00,3.40939200
2025-12-15 17:00,2.42217811
2025-12-15 18:00,3.00579454
2025-12-15 19:00,6.67583399
2025-12-15 20:00,8.94424914
2025-12-15 21:00,9.82211712
2025-12-15 22:00,17.34494132
2025-12-15 23:00,15.32528559
2025-12-16 00:00,6.84100583
2025-12-16 01:00,14.38556887
2025-12-16 02:00,10.95264640
2025-12-16 03:00,14.52447771
2025-12-16 04:00,19.73349440
2025-12-16 05:00,24.53330518
2025-12-16 06:00,24.35107595
2025-12-16 07:00,21.24483832
2025-12-16 08:00,19.13134021
2025-12-16 09:00,18.66821180
2025-12-16 10:00,15.99953538
2025-12-16 11:00,14.20526862
2025-12-16 12:00,17.63432460
2025-12-16 13:00,17.34993418
2025-12-16 14:00,12.54882556
2025-12-16 15:00,10.63064660
2025-12-16 16:00,13.32092723
2025-12-16 17:00,5.54738742
2025-12-16 18:00,6.76950029
2025-12-16 19:00,7.25203362
2025-12-16 20:00,7.48324882
2025-12-16 21:00,8.64656884
2025-12-16 22:00,7.96691081
2025-12-16 23:00,6.58789807
2025-12-17 00:00,4.49348010
2025-12-17 01:00,3.28872319
2025-12-17 02:00,2.43763657
2025-12-17 03:00,2.38491320
2025-12-17 04:00,5.14922576
2025-12-17 05:00,5.26357231
2025-12-17 06:00,6.69046310
2025-12-17 07:00,12.14237793
2025-12-17 08:00,10.72015259
2025-12-17 09:00,10.60490861
2025-12-17 10:00,20.59628320
2025-12-17 11:00,25.87280876
2025-12-17 12:00,34.16796723
2025-12-17 13:00,29.75672259
2025-12-17 14:00,32.96738847
2025-12-17 15:00,34.31970781
2025-12-17 16:00,33.44876384
2025-12-17 17:00,25.47512923
2025-12-17 18:00,23.13882665
2025-12-17 19:00,18.75316619
2025-12-17 20:00,17.12026208
2025-12-17 21:00,13.38985493
2025-12-17 22:00,11.83584258
2025-12-17 23:00,10.59683018
2025-12-18 00:00,3.33595895
2025-12-18 01:00,3.28898405
2025-12-18 02:00,3.73027409
2025-12-18 03:00,4.96045358
2025-12-18 04:00,4.72264636
2025-12-18 05:00,4.11498034
2025-12-18 06:00,5.11637082
2025-12-18 07:00,3.90050961
2025-12-18 08:00,3.31523751
2025-12-18 09:00,1.88810843
2025-12-18 10:00,1.72043355
2025-12-18 11:00,1.05058045
2025-12-18 12:00,2.03227774
2025-12-18 13:00,2.63727784
2025-12-18 14:00,2.71407927
2025-12-18 15:00,3.45892267
2025-12-18 16:00,5.80188310
2025-12-18 17:00,7.29152104
2025-12-18 18:00,6.99582013
2025-12-18 19:00,5.76877835
2025-12-18 20:00,3.38370327
2025-12-18 21:00,1.86168436
2025-12-18 22:00,2.57582658
2025-12-18 23:00,3.01248179
2025-12-19 00:00,8.55057718
2025-12-19 01:00,9.10206421
2025-12-19 02:00,7.14542537
2025-12-19 03:00,6.20402872
2025-12-19 04:00,4.66804090
2025-12-19 05:00,3.90173740
2025-12-19 06:00,4.98242282
2025-12-19 07:00,6.30189885
2025-12-19 08:00,7.00441123
2025-12-19 09:00,5.53700796
2025-12-19 10:00,6.40303538
2025-12-19 11:00,9.66853430
2025-12-19 12:00,10.67110810
2025-12-19 13:00,12.00572146
2025-12-19 14:00,9.54802200
2025-12-19 15:00,15.30963910
2025-12-19 16:00,8.29677301
2025-12-19 17:00,7.64499464
2025-12-19 18:00,10.53702965
2025-12-19 19:00,14.30567307
2025-12-19 20:00,15.58963556
2025-12-19 21:00,16.23210100
2025-12-19 22:00,22.01286407
2025-12-19 23:00,23.55176554
2025-12-20 00:00,24.99510338
2025-12-20 01:00,21.97832246
2025-12-20 02:00,24.00556053
2025-12-20 03:00,17.66333197
2025-12-20 04:00,23.71602827
2025-12-20 05:00,29.30558507
2025-12-20 06:00,18.02996373
2025-12-20 07:00,28.57166418
2025-12-20 08:00,28.18377934
2025-12-20 09:00,17.99315692
2025-12-20 10:00,19.61905257
2025-12-20 11:00,14.48616331
2025-12-20 12:00,8.81602681
2025-12-20 13:00,12.74468448
2025-12-20 14:00,16.09908185
2025-12-20 15:00,23.26574557
2025-12-20 16:00,30.15804459
2025-12-20 17:00,31.92654532
2025-12-20 18:00,43.14465536
2025-12-20 19:00,47.77715331
2025-12-20 20:00,45.23926018
2025-12-20 21:00,45.85087607
2025-12-20 22:00,46.40010606
2025-12-20 23:00,46.38852313
2025-12-21 00:00,49.80959422
2025-12-21 01:00,50.44285024
2025-12-21 02:00,54.01838251
2025-12-21 03:00,55.59670920
2025-12-21 04:00,54.73564764
2025-12-21 05:00,57.24205505
2025-12-21 06:00,54.28268564
2025-12-21 07:00,49.16283195
2025-12-21 08:00,49.11289624
2025-12-21 09:00,48.26246790
2025-12-21 10:00,45.32791840
2025-12-21 11:00,46.50912392
2025-12-21 12:00,50.07439313
2025-12-21 13:00,50.26480972
2025-12-21 14:00,48.84976433
2025-12-21 15:00,47.73437521
2025-12-21 16:00,47.24987566
2025-12-21 17:00,43.58771545
2025-12-21 18:00,36.34417721
2025-12-21 19:00,39.50416003
2025-12-21 20:00,34.34112961
2025-12-21 21:00,28.63656903
2025-12-21 22:00,25.38378491
2025-12-21 23:00,24.27009135
2025-12-22 00:00,23.81629065
2025-12-22 01:00,20.00944815
2025-12-22 02:00,18.92105337
2025-12-22 03:00,16.79202450
2025-12-22 04:00,18.17876509
2025-12-22 05:00,18.70682421
2025-12-22 06:00,17.05500963
2025-12-22 07:00,16.28994949
2025-12-22 08:00,15.44333694
2025-12-22 09:00,14.71152624
2025-12-22 10:00,9.38137964
2025-12-22 11:00,7.01136811
2025-12-22 12:00,6.32674263
2025-12-22 13:00,6.55965923
2025-12-22 14:00,6.26092842
2025-12-22 15:00,9.23882803
2025-12-22 16:00,10.15880644
2025-12-22 17:00,7.49264999
2025-12-22 18:00,8.45622095
2025-12-22 19:00,9.41761207
2025-12-22 20:00,9.73234237
2025-12-22 21:00,10.20475702
2025-12-22 22:00,7.62325250
2025-12-22 23:00,5.58318518
2025-12-23 00:00,6.76270800
2025-12-23 01:00,6.25377116
2025-12-23 02:00,5.93246223
2025-12-23 03:00,7.04176605
2025-12-23 04:00,7.15468568
2025-12-23 05:00,8.86835665
2025-12-23 06:00,9.44181268
2025-12-23 07:00,7.33600249
2025-12-23 08:00,5.91966397
2025-12-23 09:00,6.11648043
2025-12-23 10:00,6.11059621
2025-12-23 11:00,10.01285608
2025-12-23 12:00,11.86601012
2025-12-23 13:00,12.52660046
2025-12-23 14:00,11.10676826
2025-12-23 15:00,11.73588920
2025-12-23 16:00,16.75814642
2025-12-23 17:00,20.31917022
2025-12-23 18:00,9.98479027
2025-12-23 19:00,10.78763172
2025-12-23 20:00,9.92412696
2025-12-23 21:00,15.12356776
2025-12-23 22:00,13.56313051
2025-12-23 23:00,7.91335953
2025-12-24 00:00,8.23516408
2025-12-24 01:00,14.04930028
2025-12-24 02:00,17.72458904
2025-12-24 03:00,20.27485272
2025-12-24 04:00,26.20904340
2025-12-24 05:00,39.71942016
2025-12-24 06:00,39.02007137
2025-12-24 07:00,37.62717777
2025-12-24 08:00,34.78701864
2025-12-24 09:00,34.24473640
2025-12-24 10:00,30.85872202
2025-12-24 11:00,30.40917273
2025-12-24 12:00,28.71833838
2025-12-24 13:00,30.82324111
2025-12-24 14:00,32.11560960
2025-12-24 15:00,36.60480139
2025-12-24 16:00,41.53542704
2025-12-24 17:00,40.92805029
2025-12-24 18:00,37.29793700
2025-12-24 19:00,41.20244189
2025-12-24 20:00,38.81246047
2025-12-24 21:00,30.33003754
2025-12-24 22:00,29.22545769
2025-12-24 23:00,31.12360194
2025-12-25 00:00,29.44200723
2025-12-25 01:00,26.01255256
2025-12-25 02:00,24.98956910
2025-12-25 03:00,30.92215866
2025-12-25 04:00,32.44809043
2025-12-25 05:00,34.56341726
2025-12-25 06:00,44.58125044
2025-12-25 07:00,42.21547710
2025-12-25 08:00,41.86800445
2025-12-25 09:00,51.63984337
2025-12-25 10:00,53.22835037
2025-12-25 11:00,53.41167423
2025-12-25 12:00,54.59981961
2025-12-25 13:00,56.02470232
2025-12-25 14:00,56.49371170
2025-12-25 15:00,56.70239940
2025-12-25 16:00,55.96557917
2025-12-25 17:00,57.40929908
2025-12-25 18:00,58.02232479
2025-12-25 19:00,58.67460022
2025-12-25 20:00,59.96004098
2025-12-25 21:00,57.06313348
2025-12-25 22:00,59.95842259
2025-12-25 23:00,61.13200108
2025-12-26 00:00,58.83369759
2025-12-26 01:00,58.50144504
2025-12-26 02:00,58.88989986
2025-12-26 03:00,58.03657396
2025-12-26 04:00,58.36856111
2025-12-26 05:00,58.51225187
2025-12-26 06:00,58.13424008
2025-12-26 07:00,54.33114934
2025-12-26 08:00,54.47221152
2025-12-26 09:00,54.15596334
2025-12-26 10:00,53.76553195
2025-12-26 11:00,53.11530445
2025-12-26 12:00,53.07983965
2025-12-26 13:00,52.21339516
2025-12-26 14:00,53.05101715
2025-12-26 15:00,53.33945466
2025-12-26 16:00,52.78934741
2025-12-26 17:00,52.74415186
2025-12-26 18:00,45.71206655
2025-12-26 19:00,39.92629903
2025-12-26 20:00,35.67317135
2025-12-26 21:00,20.96345837
2025-12-26 22:00,15.91536033
2025-12-26 23:00,14.56738037
2025-12-27 00:00,9.98974113
2025-12-27 01:00,9.44811747
2025-12-27 02:00,9.74764426
2025-12-27 03:00,5.05680077
2025-12-27 04:00,4.39066478
2025-12-27 05:00,3.38779433
2025-12-27 06:00,1.91490623
2025-12-27 07:00,1.36482131
2025-12-27 08:00,2.28963473
2025-12-27 09:00,1.97230917
2025-12-27 10:00,2.50460758
2025-12-27 11:00,1.19751087
2025-12-27 12:00,1.20062515
2025-12-27 13:00,1.88519907
2025-12-27 14:00,2.73229216
2025-12-27 15:00,3.43769939
2025-12-27 16:00,3.36282359
2025-12-27 17:00,7.76728758
2025-12-27 18:00,8.16046194
2025-12-27 19:00,6.06357556
2025-12-27 20:00,5.99766954
2025-12-27 21:00,8.76589818
2025-12-27 22:00,6.29955710
2025-12-27 23:00,6.40639180
2025-12-28 00:00,8.40554343
2025-12-28 01:00,7.11110891
2025-12-28 02:00,6.62822665
2025-12-28 03:00,7.70537139
2025-12-28 04:00,9.23777375
2025-12-28 05:00,8.84755732
2025-12-28 06:00,7.21114459
2025-12-28 07:00,6.15638052
2025-12-28 08:00,6.98048130
2025-12-28 09:00,8.73592880
2025-12-28 10:00,7.25407952
2025-12-28 11:00,8.63883202
2025-12-28 12:00,10.82614755
2025-12-28 13:00,13.22358942
2025-12-28 14:00,10.12250469
2025-12-28 15:00,13.36431861
2025-12-28 16:00,19.30465383
2025-12-28 17:00,14.31389725
2025-12-28 18:00,16.41384425
2025-12-28 19:00,24.60087131
2025-12-28 20:00,29.27774987
2025-12-28 21:00,25.70251671
2025-12-28 22:00,28.22619004
2025-12-28 23:00,31.42579966
2025-12-29 00:00,16.24387882
2025-12-29 01:00,16.47247391
2025-12-29 02:00,22.47384673
2025-12-29 03:00,20.70856940
2025-12-29 04:00,25.71676751
2025-12-29 05:00,27.42978165
2025-12-29 06:00,26.17202793
2025-12-29 07:00,27.13923902
2025-12-29 08:00,22.59670096
2025-12-29 09:00,17.67847857
2025-12-29 10:00,23.60204257
2025-12-29 11:00,29.18634788
2025-12-29 12:00,35.40391957
2025-12-29 13:00,28.79575068
2025-12-29 14:00,24.79982876
2025-12-29 15:00,28.81967266
2025-12-29 16:00,25.44549997
2025-12-29 17:00,29.99766577
2025-12-29 18:00,31.55514428
2025-12-29 19:00,30.88394548
2025-12-29 20:00,27.92517136
2025-12-29 21:00,27.30341197
2025-12-29 22:00,23.62247564
2025-12-29 23:00,16.99165935
2025-12-30 00:00,22.70919703
2025-12-30 01:00,27.00721646
2025-12-30 02:00,23.24978662
2025-12-30 03:00,25.81714182
2025-12-30 04:00,27.95145036
2025-12-30 05:00,32.10157804
2025-12-30 06:00,33.40351910
2025-12-30 07:00,31.00420344
2025-12-30 08:00,29.40767862
2025-12-30 09:00,33.83510792
2025-12-30 10:00,32.43418056
2025-12-30 11:00,29.35254371
2025-12-30 12:00,31.92502821
2025-12-30 13:00,30.68628294
2025-12-30 14:00,33.59590374
2025-12-30 15:00,39.13504002
2025-12-30 16:00,38.99401900
2025-12-30 17:00,34.48108995
2025-12-30 18:00,24.15013841
2025-12-30 19:00,20.92854471
2025-12-30 20:00,20.73770913
2025-12-30 21:00,14.90525614
2025-12-30 22:00,6.84087822
2025-12-30 23:00,4.11969532
2025-12-31 00:00,10.99309278
2025-12-31 01:00,16.25279169
2025-12-31 02:00,27.00765732
2025-12-31 03:00,32.86045963
2025-12-31 04:00,43.49943244
2025-12-31 05:00,45.39294792
2025-12-31 06:00,45.29541325
2025-12-31 07:00,47.37899010
2025-12-31 08:00,47.49126772
2025-12-31 09:00,49.42880587
2025-12-31 10:00,48.07063745
2025-12-31 11:00,45.76377329
2025-12-31 12:00,48.19682288
2025-12-31 13:00,49.17201970
2025-12-31 14:00,48.16558404
2025-12-31 15:00,49.34541481
2025-12-31 16:00,50.08245859
2025-12-31 17:00,52.06082868
2025-12-31 18:00,47.29062184
2025-12-31 19:00,47.42091838
2025-12-31 20:00,49.99781995
2025-12-31 21:00,45.71038566
2025-12-31 22:00,45.98650703
2025-12-31 23:00,46.00071474
